Student_ID,College,College_Tier,Department,CGPA,Gender,Program_Type,Attendance_%,Sessions_Attended,Sessions_Missed,Weekly_Consistency_Score,Login_Frequency,Time_Spent_Hours,Active_Days_Per_Week,Session_Duration_Avg,Videos_Watched,Video_Completion_%,Rewatch_Rate,Notes_Taken,Quizzes_Attempted,Quiz_Submission_Rate,Avg_Quiz_Score,Assignment_Submissions,On_Time_Submission_%,Doubts_Raised,Doubts_Resolved,Doubt_Response_Time,Peer_Discussion_Count,Hackathons_Attended,Workshops_Attended,Live_Sessions_Joined,Project_Demo_Events,Skills_Learned_Count,Domain_Transition,Project_Completion_Rate,Engagement_Score,Placement_Status,Job_Inquiries,Leads_Generated
ST_0001,PESCE,2,CSE,7.78,Female,B.E,64.5,51,29,5.3,4,17.9,3,57.0,39,96.0,0.28,No,4,40.3,42.7,1,65.0,2,1,0.8,4,1,7,9,0,5,Tech→AI,57.0,100.0,Placed,4,3
ST_0002,SJCE,3,CSE-AI,7.24,Male,B.E,50.6,40,40,6.2,7,12.8,5,24.0,45,91.3,0.2,Yes,2,70.8,79.1,9,73.1,6,4,6.4,15,2,3,10,1,11,No,41.6,100.0,Not Placed,0,0
ST_0003,BMSCE,2,CSE-AI,7.79,Female,B.E,50.8,40,40,5.3,2,15.2,3,46.0,35,46.0,0.28,Yes,6,73.4,56.3,6,54.8,3,1,5.5,3,3,2,9,1,1,No,55.9,100.0,Not Placed,0,0
ST_0004,SJCE,3,Civil,7.14,Female,M.Tech,80.3,64,16,8.1,6,12.6,3,59.0,36,92.0,0.27,Yes,5,86.9,33.6,8,28.5,5,4,0.5,18,1,3,13,0,5,Non-tech→Tech,73.6,100.0,Not Placed,0,0
ST_0005,SJCE,3,ECE,7.26,Male,B.Tech,50.9,40,40,5.6,2,3.5,1,44.0,58,82.4,0.38,Yes,0,0.0,40.6,10,44.1,4,3,2.3,17,0,1,14,1,13,Same,69.0,100.0,Not Placed,0,0
ST_0006,MSRIT,1,ECE,5.6,Female,B.E,92.0,73,7,8.7,7,22.6,2,56.0,76,96.2,0.41,No,18,74.7,61.9,14,29.0,2,1,3.0,1,0,7,6,1,13,No,69.3,100.0,Placed,1,4
ST_0007,BMSCE,2,CSE-AI,7.93,Female,B.Tech,81.4,65,15,7.3,4,21.3,7,41.0,63,92.2,0.12,Yes,6,63.3,63.9,11,87.5,4,3,1.7,12,0,6,12,1,3,Tech→AI,48.8,100.0,Placed,1,2
ST_0008,BMSCE,2,Civil,7.48,Female,B.E,86.0,68,12,6.8,6,28.9,1,48.0,45,85.9,0.61,Yes,3,76.0,71.8,8,65.9,5,4,0.5,15,3,2,10,0,1,Tech→AI,70.4,100.0,Not Placed,0,0
ST_0009,BMSCE,2,ME,8.0,Male,B.Tech,92.2,73,7,9.4,4,31.0,7,52.0,70,97.0,0.33,No,11,90.5,71.8,6,50.5,3,1,2.3,7,1,7,6,1,3,No,58.6,100.0,Not Placed,0,0
ST_0010,SJCE,3,ECE,5.0,Female,B.Tech,74.1,59,21,6.6,5,6.8,6,36.0,58,58.3,0.41,Yes,19,52.7,78.2,10,95.7,3,2,9.4,18,0,2,10,2,5,Tech→AI,63.1,100.0,Not Placed,0,0
ST_0011,PESCE,2,ME,8.87,Female,B.E,61.4,49,31,6.1,3,12.7,6,75.0,44,26.9,0.46,Yes,17,64.4,48.2,7,39.6,5,4,2.7,2,3,3,13,2,5,Same,70.0,100.0,Placed,6,3
ST_0012,BMSCE,2,ECE,7.09,Female,B.E,50.2,40,40,3.9,2,32.6,5,54.0,32,63.9,0.18,Yes,8,93.5,94.9,9,78.8,0,0,2.3,18,0,2,16,2,10,Tech→AI,38.4,100.0,Placed,5,2
ST_0013,NMIT,3,ECE,8.09,Male,B.E,76.9,61,19,7.1,7,14.7,3,65.0,41,46.8,0.44,No,18,82.3,96.5,2,42.8,4,2,17.1,16,1,0,15,1,12,No,89.2,100.0,Placed,2,3
ST_0014,SJCE,3,ISE,6.37,Female,B.E,56.0,44,36,5.6,7,16.7,4,61.0,69,89.9,0.13,Yes,3,55.2,52.6,0,74.9,4,2,0.5,8,3,4,0,0,8,Tech→AI,85.3,100.0,Placed,4,2
ST_0015,MSRIT,1,ECE,7.69,Male,B.Tech,52.7,42,38,3.9,6,4.4,4,50.0,78,64.5,0.06,No,0,0.0,47.7,6,51.2,4,3,8.7,16,1,5,8,2,11,Tech→AI,85.8,100.0,Placed,1,1
ST_0016,PESCE,2,CSE,6.36,Male,B.E,54.4,43,37,3.5,5,16.1,7,66.0,59,76.6,0.16,Yes,8,67.9,29.9,7,54.1,4,3,4.0,0,0,4,8,0,1,No,52.2,100.0,Not Placed,0,0
ST_0017,NMIT,3,Civil,6.7,Male,B.E,80.0,64,16,7.2,6,28.5,3,48.0,8,92.9,0.11,No,14,74.3,65.1,1,73.5,2,1,17.3,3,1,7,9,2,7,No,61.7,100.0,Placed,4,3
ST_0018,NMIT,3,Civil,8.73,Male,B.Tech,67.6,54,26,7.1,2,24.0,7,34.0,14,83.6,0.19,Yes,7,53.1,70.1,14,88.0,5,1,3.0,14,2,6,18,2,5,No,58.3,100.0,Placed,2,3
ST_0019,MSRIT,1,ME,7.05,Male,M.Tech,67.0,53,27,6.1,4,10.7,1,45.0,51,70.7,0.43,Yes,14,81.4,51.6,8,71.5,4,3,7.4,11,1,5,14,1,3,No,57.7,100.0,Placed,7,2
ST_0020,PESCE,2,ECE,7.37,Male,B.E,52.7,42,38,4.1,4,12.2,2,30.0,79,60.8,0.27,Yes,14,84.5,67.1,3,68.1,1,0,0.5,16,0,3,15,0,4,No,70.5,100.0,Placed,7,4
ST_0021,SJCE,3,CSE,7.9,Female,B.E,60.6,48,32,6.3,5,7.1,1,13.0,18,29.9,0.03,Yes,17,77.7,37.0,9,35.8,1,0,15.9,11,0,7,10,3,3,Non-tech→Tech,72.2,100.0,Placed,5,3
ST_0022,RVCE,1,ME,7.6,Male,B.E,83.1,66,14,5.3,4,9.0,3,32.0,42,47.7,0.57,Yes,6,57.5,79.4,10,68.2,5,2,2.5,15,2,1,16,2,8,Non-tech→Tech,91.1,100.0,Not Placed,0,0
ST_0023,PESCE,2,ISE,7.32,Female,B.E,43.8,35,45,4.4,2,1.6,3,46.0,16,88.8,0.21,Yes,17,73.6,52.4,8,51.7,5,3,4.5,12,1,1,18,2,4,Same,41.3,100.0,Placed,7,2
ST_0024,MSRIT,1,ME,7.49,Female,M.Tech,79.7,63,17,5.4,5,14.4,2,61.0,49,66.9,0.26,Yes,15,76.0,67.2,12,80.6,4,2,0.9,10,2,3,12,0,3,Tech→AI,84.2,100.0,Placed,6,3
ST_0025,NMIT,3,ME,9.12,Male,B.E,89.2,71,9,6.1,6,25.6,7,32.0,21,65.4,0.43,No,1,83.2,65.8,2,84.7,2,1,17.5,14,2,6,5,1,2,Same,81.2,100.0,Placed,5,2
ST_0026,SJCE,3,ECE,7.15,Female,B.E,79.0,63,17,5.5,4,17.5,5,60.0,39,75.4,0.71,Yes,3,82.9,26.7,7,95.6,6,5,6.7,15,1,3,14,0,3,Tech→AI,92.4,100.0,Placed,2,2
ST_0027,PESCE,2,ISE,7.36,Female,B.E,57.4,45,35,5.0,2,24.6,5,27.0,70,82.7,0.2,Yes,19,53.9,77.0,10,67.7,4,3,0.5,5,4,2,15,1,7,No,81.5,100.0,Placed,2,4
ST_0028,RVCE,1,ME,8.04,Female,B.E,77.3,61,19,4.8,3,22.5,2,31.0,79,84.3,0.55,No,15,69.3,47.9,1,81.7,1,0,1.0,10,0,1,3,1,6,Non-tech→Tech,65.9,100.0,Placed,7,2
ST_0029,RVCE,1,CSE,8.08,Female,B.Tech,58.0,46,34,5.1,3,11.2,5,67.0,45,89.9,0.19,No,2,71.0,65.6,14,43.7,6,5,3.1,14,0,7,7,2,10,Same,50.3,100.0,Placed,3,2
ST_0030,BMSCE,2,CSE,8.15,Male,B.Tech,65.8,52,28,6.0,3,9.7,4,46.0,71,86.9,0.46,Yes,1,72.5,36.6,13,59.5,6,3,1.5,4,2,4,6,0,12,No,53.0,100.0,Placed,1,2
ST_0031,BMSCE,2,Civil,7.71,Female,B.E,73.6,58,22,6.3,5,10.0,5,42.0,33,16.4,0.39,Yes,2,52.7,53.4,2,52.5,5,2,2.2,2,0,3,16,1,13,No,59.8,100.0,Placed,3,1
ST_0032,MSRIT,1,ISE,6.29,Male,B.E,74.0,59,21,6.0,5,3.0,5,49.0,22,79.6,0.2,No,4,75.4,68.5,0,78.1,5,3,35.9,1,2,6,15,0,5,Non-tech→Tech,56.0,100.0,Not Placed,0,0
ST_0033,PESCE,2,ISE,8.51,Female,B.E,80.5,64,16,8.2,5,15.2,5,27.0,24,69.4,0.35,Yes,1,78.3,42.6,4,67.7,6,2,6.4,0,5,7,1,1,8,Non-tech→Tech,58.2,100.0,Placed,2,1
ST_0034,PESCE,2,Civil,6.28,Female,M.Tech,61.8,49,31,4.3,4,1.0,4,40.0,18,65.7,0.54,No,18,54.2,43.6,3,88.2,3,2,15.3,14,3,6,16,3,11,Non-tech→Tech,78.0,100.0,Placed,3,2
ST_0035,NMIT,3,ME,7.44,Male,B.Tech,57.4,45,35,5.5,6,19.1,7,45.0,38,82.9,0.42,Yes,19,63.3,64.3,12,59.3,5,2,3.4,1,1,4,3,2,1,No,83.1,100.0,Placed,1,4
ST_0036,NMIT,3,ISE,6.6,Female,B.E,89.4,71,9,5.6,3,15.5,5,63.0,53,69.4,0.43,No,1,46.1,59.0,0,93.3,2,1,7.4,19,3,5,13,1,3,No,72.4,100.0,Placed,1,4
ST_0037,NMIT,3,CSE,7.15,Female,B.Tech,77.3,61,19,4.9,4,18.3,6,20.0,58,84.7,0.3,Yes,1,76.6,68.3,9,57.4,6,5,3.7,5,0,4,7,0,2,Tech→AI,47.7,100.0,Placed,2,3
ST_0038,BMSCE,2,CSE,7.46,Female,B.Tech,85.7,68,12,7.4,6,22.4,4,71.0,35,86.8,0.23,No,19,44.1,55.4,8,90.0,4,3,2.4,11,1,6,4,1,2,Non-tech→Tech,85.0,100.0,Not Placed,0,0
ST_0039,PESCE,2,ECE,7.46,Male,B.E,86.3,69,11,7.4,3,16.4,2,43.0,62,50.5,0.42,Yes,17,69.9,73.5,5,76.5,7,2,4.4,15,1,1,4,0,12,Tech→AI,82.4,100.0,Placed,3,4
ST_0040,PESCE,2,ISE,7.54,Female,M.Tech,45.8,36,44,6.3,2,26.4,1,28.0,46,47.9,0.51,No,19,81.7,51.8,5,28.5,9,5,3.3,13,1,5,4,1,11,Tech→AI,48.7,100.0,Placed,5,4
ST_0041,RVCE,1,ME,8.49,Male,B.E,86.0,68,12,7.4,6,19.4,2,26.0,62,47.0,0.04,Yes,13,37.7,72.7,13,85.5,0,0,23.6,3,0,7,4,0,12,Tech→AI,82.3,100.0,Not Placed,0,0
ST_0042,BMSCE,2,Civil,7.56,Female,B.E,71.0,56,24,8.1,4,9.7,1,49.0,34,97.3,0.22,Yes,14,40.5,45.7,10,78.0,2,0,4.1,7,3,4,2,2,1,No,76.4,100.0,Placed,7,3
ST_0043,SJCE,3,Civil,7.0,Male,B.E,91.3,73,7,5.7,5,13.3,2,25.0,29,95.7,0.44,No,11,65.9,51.0,1,62.1,6,4,10.0,11,2,2,5,0,5,Tech→AI,88.0,100.0,Placed,4,1
ST_0044,BMSCE,2,ME,7.97,Male,B.E,61.4,49,31,4.1,1,1.0,6,37.0,67,62.0,0.21,Yes,10,70.3,75.2,14,23.3,5,2,6.6,13,2,2,0,0,5,No,92.9,100.0,Placed,3,4
ST_0045,SJCE,3,CSE-AI,8.15,Female,B.E,99.2,79,1,6.1,5,8.7,1,41.0,23,62.2,0.36,No,10,79.6,52.7,13,91.3,3,2,3.9,19,0,1,7,1,3,Non-tech→Tech,80.3,100.0,Placed,3,4
ST_0046,RVCE,1,ECE,6.22,Female,B.Tech,72.2,57,23,5.1,4,12.3,1,62.0,76,67.0,0.24,Yes,6,85.4,40.9,6,88.5,3,2,3.9,12,1,7,12,3,12,Tech→AI,89.0,100.0,Placed,2,1
ST_0047,MSRIT,1,Civil,7.68,Male,B.E,63.7,50,30,6.0,2,18.8,3,60.0,12,55.4,0.29,No,11,68.6,93.1,11,60.9,5,3,2.5,4,4,2,19,3,12,No,28.5,100.0,Placed,6,4
ST_0048,PESCE,2,ISE,7.76,Male,B.Tech,82.1,65,15,7.5,5,9.7,1,35.0,7,86.2,0.12,Yes,15,59.2,61.4,11,84.3,9,7,0.7,11,2,3,5,2,9,No,70.4,100.0,Placed,3,1
ST_0049,RVCE,1,ECE,6.96,Female,B.E,57.9,46,34,3.7,3,6.3,1,42.0,71,94.7,0.24,No,4,86.5,70.5,14,65.5,4,2,8.6,9,2,5,17,0,12,No,92.4,100.0,Placed,3,1
ST_0050,PESCE,2,ISE,8.3,Male,B.E,49.0,39,41,6.7,4,1.8,3,21.0,21,84.7,0.64,No,1,87.5,21.3,8,54.8,7,5,15.0,18,4,1,17,0,6,No,87.0,100.0,Not Placed,0,0
ST_0051,NMIT,3,CSE,7.08,Female,B.E,87.2,69,11,8.6,2,10.8,5,14.0,18,85.0,0.42,Yes,15,32.6,86.0,5,64.3,2,1,1.5,12,1,5,15,2,14,Non-tech→Tech,77.0,100.0,Placed,6,1
ST_0052,MSRIT,1,ECE,7.3,Female,B.E,80.5,64,16,6.0,2,28.7,5,27.0,13,85.9,0.47,No,14,62.1,100.0,10,69.8,3,1,15.6,8,1,7,7,2,10,Same,98.7,100.0,Placed,4,1
ST_0053,MSRIT,1,Civil,7.06,Female,B.Tech,58.9,47,33,3.8,3,16.9,3,62.0,66,57.1,0.5,No,10,90.0,84.4,7,65.3,5,4,1.6,10,1,6,16,1,14,Non-tech→Tech,37.7,100.0,Placed,5,1
ST_0054,RVCE,1,ECE,7.21,Female,B.E,92.3,73,7,6.2,2,21.6,4,57.0,25,68.2,0.15,Yes,5,68.1,86.9,11,79.6,2,1,4.5,4,1,4,7,1,6,Non-tech→Tech,45.8,100.0,Placed,4,1
ST_0055,MSRIT,1,ECE,6.32,Male,B.E,82.2,65,15,5.4,7,8.7,1,51.0,41,79.8,0.68,No,12,73.4,54.6,4,44.9,2,1,2.5,12,2,3,14,0,10,Tech→AI,71.2,100.0,Placed,7,4
ST_0056,SJCE,3,ECE,6.05,Female,B.E,47.9,38,42,3.4,1,4.0,1,23.0,15,87.1,0.4,Yes,18,77.8,66.5,1,61.6,5,4,0.7,9,1,1,9,2,6,Tech→AI,77.8,100.0,Placed,5,1
ST_0057,MSRIT,1,CSE-AI,8.48,Male,B.Tech,85.5,68,12,7.2,4,6.5,3,34.0,24,80.3,0.03,No,9,70.1,70.8,12,58.8,6,4,0.5,17,1,4,0,0,14,Same,67.6,100.0,Placed,4,4
ST_0058,PESCE,2,ECE,6.52,Female,M.Tech,81.4,65,15,5.9,2,14.3,3,32.0,39,82.8,0.37,Yes,18,73.5,49.4,14,40.4,4,3,2.7,14,0,4,8,1,2,Same,80.2,100.0,Placed,5,2
ST_0059,PESCE,2,ISE,6.41,Male,B.Tech,89.7,71,9,6.8,4,1.0,4,43.0,57,92.1,0.25,Yes,4,74.4,59.8,3,74.9,2,1,0.5,19,0,4,16,3,11,Tech→AI,45.7,100.0,Placed,6,2
ST_0060,PESCE,2,CSE,5.48,Female,B.E,68.6,54,26,8.1,7,8.0,6,42.0,51,54.1,0.5,Yes,6,89.3,44.0,11,78.6,5,4,0.7,11,1,4,19,2,10,Same,59.6,100.0,Not Placed,0,0
ST_0061,PESCE,2,ME,6.69,Male,B.E,66.5,53,27,6.7,3,10.9,5,30.0,79,62.9,0.58,No,10,82.3,54.9,0,62.4,3,1,0.9,3,0,4,0,0,10,No,82.5,100.0,Placed,4,3
ST_0062,SJCE,3,ECE,6.14,Male,B.E,74.5,59,21,8.3,7,5.8,2,50.0,56,41.1,0.34,No,13,21.5,77.1,0,71.6,5,3,0.5,4,3,1,8,0,8,Tech→AI,86.3,100.0,Not Placed,0,0
ST_0063,BMSCE,2,Civil,8.51,Female,B.E,60.7,48,32,4.2,3,1.0,6,48.0,12,73.9,0.22,No,15,67.5,30.2,5,59.2,2,1,1.0,7,1,2,13,0,6,Same,65.0,100.0,Not Placed,0,0
ST_0064,NMIT,3,ECE,8.01,Female,B.E,71.3,57,23,5.8,5,17.0,7,34.0,8,88.6,0.09,Yes,17,63.9,79.2,14,86.7,3,2,5.2,4,1,4,4,1,13,Tech→AI,71.6,100.0,Not Placed,0,0
ST_0065,RVCE,1,Civil,6.65,Female,B.E,68.6,54,26,6.3,5,15.3,5,50.0,31,61.3,0.31,Yes,3,73.6,33.6,1,84.8,1,0,10.3,0,0,6,5,1,14,Same,90.2,100.0,Not Placed,0,0
ST_0066,PESCE,2,ISE,9.0,Female,B.E,72.5,58,22,4.7,6,20.5,1,62.0,48,85.5,0.46,No,0,0.0,62.9,5,91.5,5,4,1.3,17,0,6,4,0,3,No,51.4,100.0,Placed,5,4
ST_0067,MSRIT,1,Civil,7.99,Male,B.E,77.3,61,19,4.7,5,7.2,7,66.0,44,44.0,0.14,No,14,58.7,64.6,0,54.7,3,1,0.5,18,1,3,3,0,10,Non-tech→Tech,63.7,100.0,Placed,4,3
ST_0068,PESCE,2,ME,6.94,Female,B.Tech,59.0,47,33,6.2,5,20.3,6,52.0,51,62.4,0.31,Yes,13,67.8,72.3,10,67.9,4,2,7.8,18,4,1,15,0,9,Same,95.1,100.0,Placed,4,2
ST_0069,MSRIT,1,CSE,5.2,Male,B.E,95.1,76,4,8.3,3,25.7,3,52.0,48,91.5,0.77,Yes,18,65.5,58.8,9,72.8,1,0,0.5,9,1,0,15,3,2,Non-tech→Tech,95.1,100.0,Not Placed,0,0
ST_0070,NMIT,3,Civil,9.03,Male,B.E,88.4,70,10,6.9,3,16.8,4,41.0,52,54.4,0.15,Yes,4,76.4,43.2,2,81.6,4,2,7.9,8,3,2,9,2,7,Tech→AI,88.4,100.0,Placed,6,4
ST_0071,NMIT,3,Civil,6.09,Female,B.Tech,75.7,60,20,6.5,7,10.7,5,60.0,56,29.0,0.62,Yes,3,90.0,65.3,13,76.5,6,4,0.8,0,0,3,13,1,3,No,76.1,100.0,Placed,6,1
ST_0072,NMIT,3,CSE,5.88,Male,B.E,44.5,35,45,4.3,4,16.0,4,29.0,72,60.2,0.22,No,12,45.1,100.0,8,63.2,8,4,1.6,19,0,6,12,3,12,Tech→AI,72.8,100.0,Placed,7,4
ST_0073,MSRIT,1,ME,8.02,Male,B.Tech,86.0,68,12,5.3,4,10.4,7,59.0,15,81.2,0.22,Yes,17,72.0,61.7,1,56.4,2,1,0.8,2,2,4,3,1,6,Same,92.7,100.0,Placed,6,3
ST_0074,PESCE,2,ECE,9.15,Male,B.E,59.8,47,33,4.9,6,9.2,5,41.0,77,40.9,0.4,No,11,89.9,46.1,7,39.6,3,1,1.7,12,1,1,13,2,5,Non-tech→Tech,62.0,100.0,Placed,3,4
ST_0075,NMIT,3,Civil,8.31,Male,B.E,96.3,77,3,6.5,4,19.8,6,67.0,8,79.1,0.09,Yes,14,69.9,53.6,5,49.8,4,3,9.6,5,1,1,8,1,13,No,57.6,100.0,Placed,2,3
ST_0076,SJCE,3,CSE,7.65,Female,B.Tech,69.3,55,25,4.6,7,14.0,1,54.0,77,79.3,0.37,Yes,8,87.9,64.7,11,52.8,6,4,0.9,5,0,4,2,2,6,No,71.2,100.0,Not Placed,0,0
ST_0077,MSRIT,1,ISE,7.68,Female,B.Tech,58.3,46,34,7.3,5,23.4,2,44.0,52,66.1,0.13,No,3,84.4,57.2,5,81.5,4,3,30.9,17,0,6,9,0,8,Same,78.7,100.0,Not Placed,0,0
ST_0078,MSRIT,1,CSE,7.88,Female,B.Tech,65.9,52,28,6.4,5,11.9,4,41.0,30,76.6,0.1,No,4,72.9,54.7,6,93.2,2,0,2.4,4,1,3,14,1,14,Tech→AI,78.6,100.0,Not Placed,0,0
ST_0079,PESCE,2,ISE,7.81,Female,B.E,69.6,55,25,7.1,6,12.6,4,53.0,43,73.7,0.63,Yes,8,47.6,85.9,4,93.8,4,3,15.3,16,3,1,18,2,3,No,61.4,100.0,Placed,2,1
ST_0080,MSRIT,1,ME,7.42,Male,B.E,71.0,56,24,5.5,1,11.0,2,52.0,62,44.4,0.2,No,12,85.2,71.3,11,70.8,6,5,1.3,2,0,5,1,0,2,No,78.1,100.0,Placed,5,3
ST_0081,MSRIT,1,ECE,7.28,Male,B.E,57.9,46,34,5.0,3,7.2,4,39.0,23,79.8,0.29,Yes,9,34.4,59.9,10,26.4,4,2,1.2,4,4,6,1,0,8,Same,69.8,100.0,Not Placed,0,0
ST_0082,NMIT,3,CSE,7.15,Female,B.E,78.0,62,18,5.6,4,20.7,4,46.0,62,69.8,0.71,No,15,91.4,60.0,3,77.9,0,0,5.0,2,0,6,8,0,1,Same,48.6,100.0,Placed,2,3
ST_0083,PESCE,2,CSE-AI,6.6,Female,M.Tech,78.4,62,18,5.1,3,30.3,5,58.0,32,61.5,0.38,Yes,12,68.9,65.1,5,46.8,6,4,0.5,12,1,2,3,0,2,No,94.2,100.0,Not Placed,0,0
ST_0084,NMIT,3,Civil,6.98,Female,B.E,46.8,37,43,3.5,5,12.3,5,25.0,70,30.8,0.48,No,3,68.1,72.1,7,66.6,9,4,9.7,14,0,3,4,0,10,Non-tech→Tech,72.6,100.0,Placed,2,2
ST_0085,NMIT,3,ME,5.85,Male,M.Tech,83.3,66,14,8.2,7,10.2,2,56.0,14,32.7,0.3,Yes,12,76.5,85.1,3,66.8,3,2,3.5,16,1,6,1,1,1,Tech→AI,91.4,100.0,Placed,6,3
ST_0086,PESCE,2,CSE,7.12,Female,B.E,65.7,52,28,6.7,4,9.8,7,53.0,62,63.8,0.47,Yes,7,84.5,54.6,4,65.5,6,3,7.2,14,0,7,6,0,5,Tech→AI,89.2,100.0,Not Placed,0,0
ST_0087,RVCE,1,Civil,6.41,Female,B.E,57.7,46,34,5.6,4,10.2,1,63.0,77,63.4,0.12,No,12,59.6,44.1,6,80.8,3,2,1.2,4,0,4,18,0,8,Same,72.8,100.0,Not Placed,0,0
ST_0088,NMIT,3,CSE,6.32,Female,B.E,72.0,57,23,6.2,7,26.5,6,34.0,18,81.3,0.34,No,14,57.0,52.0,5,34.0,3,2,6.2,13,4,7,5,3,2,Non-tech→Tech,80.5,100.0,Placed,7,2
ST_0089,SJCE,3,ISE,7.34,Male,B.Tech,76.2,60,20,8.3,4,10.0,6,45.0,19,85.6,0.33,Yes,19,78.6,46.2,12,60.7,2,1,5.4,10,2,6,15,1,4,Tech→AI,68.8,100.0,Not Placed,0,0
ST_0090,SJCE,3,CSE,8.31,Male,B.Tech,35.6,28,52,2.4,4,10.9,7,48.0,37,74.2,0.2,Yes,19,51.5,34.5,3,80.4,5,3,8.5,13,2,7,13,0,4,Tech→AI,81.8,100.0,Placed,6,2
ST_0091,MSRIT,1,CSE-AI,7.93,Male,B.Tech,93.6,74,6,6.7,4,6.3,4,56.0,21,79.4,0.35,Yes,12,56.5,87.4,12,82.7,5,4,2.1,6,0,3,11,1,11,Same,68.5,100.0,Placed,7,2
ST_0092,SJCE,3,CSE,5.94,Male,B.Tech,56.8,45,35,4.8,7,17.1,1,51.0,28,85.2,0.32,No,4,70.6,77.4,3,79.2,1,0,16.2,2,4,7,5,2,11,Non-tech→Tech,67.5,100.0,Placed,7,4
ST_0093,MSRIT,1,CSE,6.41,Male,B.Tech,70.9,56,24,7.4,5,14.5,2,26.0,34,63.0,0.25,No,5,84.2,20.9,9,72.2,4,3,19.5,19,1,5,12,2,7,No,72.1,100.0,Placed,3,2
ST_0094,RVCE,1,CSE-AI,7.95,Male,B.Tech,69.1,55,25,8.1,6,7.0,7,49.0,66,70.5,0.07,No,4,53.9,65.9,3,53.5,3,2,12.2,9,3,6,14,0,1,Non-tech→Tech,79.6,100.0,Placed,4,3
ST_0095,PESCE,2,ME,6.41,Male,B.E,81.6,65,15,5.9,6,8.8,2,75.0,17,60.2,0.41,Yes,12,89.0,55.2,0,56.0,3,2,5.1,10,0,3,13,3,9,Same,75.5,100.0,Placed,3,1
ST_0096,PESCE,2,CSE,7.02,Male,B.E,83.3,66,14,8.5,4,25.7,5,54.0,66,55.5,0.18,No,4,71.4,53.1,4,51.9,1,0,3.3,5,0,6,7,2,3,Non-tech→Tech,51.7,100.0,Placed,5,1
ST_0097,PESCE,2,CSE-AI,7.64,Female,B.E,77.2,61,19,8.0,4,15.2,4,70.0,51,68.3,0.18,Yes,12,80.7,17.2,7,81.2,3,1,0.5,4,5,0,19,2,6,Non-tech→Tech,85.8,100.0,Placed,1,1
ST_0098,SJCE,3,Civil,6.43,Female,M.Tech,31.5,25,55,2.8,6,15.7,3,61.0,20,65.9,0.2,Yes,19,89.1,61.5,6,73.0,1,0,17.7,19,1,7,10,0,10,Tech→AI,67.5,100.0,Placed,1,4
ST_0099,RVCE,1,ISE,7.28,Male,M.Tech,45.7,36,44,4.3,4,15.7,2,65.0,70,59.1,0.45,No,7,88.0,63.4,4,88.4,5,3,18.2,12,3,7,8,0,14,No,73.7,100.0,Placed,4,4
ST_0100,SJCE,3,ISE,6.13,Male,B.E,78.8,63,17,6.4,6,24.8,7,50.0,47,87.6,0.54,No,8,93.7,40.8,2,44.1,6,5,0.5,11,1,4,11,1,5,No,85.8,100.0,Not Placed,0,0
ST_0101,SJCE,3,CSE,6.72,Female,B.Tech,69.0,55,25,8.1,7,7.7,4,53.0,12,84.8,0.17,No,18,43.2,91.2,14,75.2,4,2,2.6,18,1,2,5,0,4,No,76.4,100.0,Not Placed,0,0
ST_0102,RVCE,1,ME,7.46,Male,M.Tech,74.2,59,21,5.2,5,12.2,1,49.0,7,70.7,0.37,No,19,81.7,76.2,14,68.1,4,3,12.7,18,3,4,18,0,9,Tech→AI,84.1,100.0,Not Placed,0,0
ST_0103,RVCE,1,ME,5.93,Male,B.E,78.7,62,18,7.9,5,13.8,7,45.0,16,35.6,0.16,No,14,77.9,42.8,10,91.6,1,0,0.5,4,2,0,2,0,11,Tech→AI,80.8,100.0,Not Placed,0,0
ST_0104,RVCE,1,Civil,7.55,Male,B.E,81.9,65,15,6.3,6,3.0,5,56.0,20,89.1,0.22,No,9,95.7,80.4,0,89.7,6,3,1.3,19,2,4,0,2,12,Same,70.6,100.0,Placed,3,1
ST_0105,RVCE,1,CSE,7.18,Female,M.Tech,85.1,68,12,8.0,6,8.6,6,37.0,63,82.5,0.07,Yes,10,85.4,53.6,12,71.7,1,0,23.1,8,0,4,14,0,14,Same,71.3,100.0,Placed,5,2
ST_0106,PESCE,2,ISE,7.64,Female,B.E,67.8,54,26,5.7,4,22.3,1,73.0,53,76.4,0.05,Yes,4,94.4,81.0,6,63.3,3,2,11.3,3,0,2,14,0,9,Non-tech→Tech,77.0,100.0,Placed,5,2
ST_0107,BMSCE,2,ME,7.38,Female,B.Tech,67.8,54,26,6.4,2,20.3,2,31.0,67,71.4,0.35,No,8,80.9,36.0,12,98.0,2,1,14.6,14,0,7,4,3,1,Tech→AI,73.8,100.0,Placed,1,1
ST_0108,BMSCE,2,CSE,8.29,Female,B.E,66.7,53,27,7.3,4,21.6,2,57.0,66,51.5,0.18,No,10,34.3,65.1,14,75.2,3,2,0.9,2,1,0,10,0,7,No,62.3,100.0,Not Placed,0,0
ST_0109,RVCE,1,ME,7.3,Female,M.Tech,75.0,60,20,7.7,5,10.9,1,66.0,53,68.8,0.23,Yes,18,66.8,40.1,10,33.5,5,2,1.4,6,3,4,0,1,10,No,70.0,100.0,Placed,5,3
ST_0110,BMSCE,2,CSE-AI,6.86,Male,M.Tech,83.4,66,14,8.5,4,11.7,2,42.0,55,73.9,0.34,Yes,1,90.8,46.9,2,85.1,2,1,5.6,19,1,5,9,1,9,No,83.0,100.0,Placed,2,3
ST_0111,BMSCE,2,ME,7.3,Female,M.Tech,79.4,63,17,5.0,5,2.5,7,28.0,37,66.1,0.26,Yes,5,73.0,27.2,3,65.9,2,1,4.2,19,1,6,19,3,5,Non-tech→Tech,61.3,100.0,Placed,5,1
ST_0112,RVCE,1,ISE,7.63,Male,B.E,94.8,75,5,8.5,4,21.5,4,62.0,34,52.2,0.22,Yes,0,0.0,39.8,13,72.9,6,3,2.1,13,3,4,10,2,1,No,89.5,100.0,Placed,1,3
ST_0113,BMSCE,2,ECE,7.24,Male,B.Tech,65.8,52,28,4.5,5,22.7,2,48.0,63,55.0,0.4,No,2,64.5,39.7,4,86.0,3,2,12.9,13,0,1,6,1,8,No,93.2,100.0,Placed,6,4
ST_0114,SJCE,3,Civil,7.23,Female,B.Tech,95.5,76,4,7.4,3,22.6,5,57.0,19,25.6,0.07,Yes,2,98.1,37.4,12,68.7,4,2,13.9,8,3,4,16,3,5,Tech→AI,62.4,100.0,Placed,3,2
ST_0115,MSRIT,1,Civil,6.64,Female,B.E,51.8,41,39,5.3,5,26.2,4,43.0,27,37.6,0.46,No,13,81.0,65.4,14,72.5,6,4,2.1,2,4,2,11,1,6,Non-tech→Tech,76.0,100.0,Placed,5,2
ST_0116,MSRIT,1,ISE,6.67,Male,B.Tech,61.8,49,31,5.3,5,18.0,7,71.0,49,96.1,0.2,Yes,19,67.5,30.2,11,61.8,3,1,1.0,8,0,1,3,1,7,Tech→AI,70.1,100.0,Not Placed,0,0
ST_0117,RVCE,1,ME,6.08,Male,B.E,37.5,30,50,4.3,3,25.9,3,13.0,66,57.8,0.28,Yes,4,96.6,67.4,7,68.3,2,1,1.0,3,0,5,11,0,10,Non-tech→Tech,73.4,100.0,Placed,4,3
ST_0118,PESCE,2,CSE,8.6,Male,B.E,55.3,44,36,7.3,3,13.6,2,51.0,75,93.1,0.38,Yes,16,58.6,80.1,12,65.3,7,4,4.0,16,0,6,2,1,7,No,69.4,100.0,Not Placed,0,0
ST_0119,RVCE,1,ME,6.2,Female,B.E,82.2,65,15,5.5,5,2.6,2,65.0,19,54.2,0.18,No,14,65.8,46.0,6,45.6,4,1,0.9,5,2,5,17,1,13,No,88.7,100.0,Not Placed,0,0
ST_0120,PESCE,2,ISE,6.65,Female,B.E,70.6,56,24,6.9,4,21.0,5,47.0,50,82.1,0.37,No,5,48.4,60.5,8,87.8,4,2,3.8,15,0,5,11,1,14,No,88.3,100.0,Not Placed,0,0
ST_0121,MSRIT,1,Civil,6.63,Female,B.E,83.6,66,14,6.6,3,2.4,7,50.0,68,55.0,0.24,No,13,79.2,56.0,10,86.1,5,4,3.7,17,2,0,18,1,12,No,86.0,100.0,Placed,1,3
ST_0122,RVCE,1,ME,7.92,Female,B.Tech,73.6,58,22,4.9,7,16.2,5,38.0,50,68.6,0.03,Yes,13,41.5,54.6,2,82.3,3,2,12.9,12,1,5,12,0,7,Tech→AI,53.6,100.0,Placed,6,2
ST_0123,NMIT,3,Civil,6.96,Female,B.E,46.5,37,43,3.4,5,21.7,6,45.0,60,77.6,0.05,Yes,16,90.2,16.0,13,75.6,5,3,2.1,6,3,3,15,1,1,Tech→AI,87.5,100.0,Not Placed,0,0
ST_0124,SJCE,3,CSE,8.2,Male,B.Tech,68.0,54,26,7.9,7,17.3,7,20.0,48,30.9,0.33,Yes,7,63.1,41.7,10,87.4,5,4,4.9,2,3,2,7,2,7,Non-tech→Tech,69.4,100.0,Placed,1,1
ST_0125,BMSCE,2,Civil,6.66,Female,B.E,89.6,71,9,8.9,4,30.9,1,34.0,79,79.5,0.11,Yes,7,49.1,88.3,9,33.2,9,7,8.2,5,4,0,5,0,11,Non-tech→Tech,95.0,100.0,Placed,6,4
ST_0126,PESCE,2,Civil,7.42,Male,B.E,74.0,59,21,8.1,4,1.2,1,33.0,33,54.0,0.23,No,18,47.8,67.8,0,87.2,1,0,5.4,2,0,1,9,1,3,Same,64.4,100.0,Placed,7,3
ST_0127,NMIT,3,ECE,6.53,Male,B.E,73.2,58,22,8.4,6,14.4,1,55.0,66,93.4,0.15,No,8,78.0,57.7,0,56.3,5,3,18.5,11,0,3,9,1,5,No,69.7,100.0,Placed,3,1
ST_0128,BMSCE,2,ECE,8.92,Male,B.Tech,78.3,62,18,5.5,5,15.1,5,36.0,56,97.6,0.4,No,10,46.1,25.6,11,85.1,3,2,5.5,4,0,0,5,3,10,No,88.0,100.0,Placed,5,2
ST_0129,BMSCE,2,CSE-AI,6.25,Female,B.E,43.0,34,46,4.0,5,5.6,1,37.0,58,52.7,0.42,Yes,12,88.9,72.7,9,67.3,3,2,13.9,16,1,2,7,0,5,Tech→AI,53.1,100.0,Not Placed,0,0
ST_0130,RVCE,1,ECE,7.45,Female,B.Tech,64.9,51,29,6.6,3,6.9,7,39.0,61,60.1,0.11,Yes,12,89.1,45.6,12,69.4,2,1,1.7,9,1,1,17,1,8,Tech→AI,80.5,100.0,Placed,4,4
ST_0131,BMSCE,2,Civil,7.71,Female,B.Tech,71.5,57,23,6.2,4,9.1,1,34.0,70,90.6,0.16,Yes,18,60.7,39.7,13,73.2,5,2,4.9,6,4,2,16,0,7,Tech→AI,86.2,100.0,Placed,1,3
ST_0132,SJCE,3,ISE,7.53,Male,B.Tech,62.0,49,31,5.4,2,7.3,3,49.0,26,79.8,0.2,Yes,18,70.1,41.5,0,58.2,2,1,4.7,3,3,2,9,1,7,Tech→AI,61.6,100.0,Placed,5,4
ST_0133,NMIT,3,Civil,7.05,Male,B.E,64.5,51,29,5.3,3,14.2,1,51.0,24,66.1,0.25,No,4,70.3,71.2,1,72.6,4,3,27.3,9,0,1,1,0,6,No,66.9,100.0,Placed,6,2
ST_0134,BMSCE,2,ISE,7.1,Male,B.E,87.0,69,11,7.6,1,10.8,2,57.0,37,66.7,0.02,No,15,88.1,60.7,1,83.3,5,2,1.4,6,2,5,11,1,7,Non-tech→Tech,92.7,100.0,Placed,7,2
ST_0135,RVCE,1,ISE,7.24,Male,B.Tech,46.4,37,43,5.1,1,17.2,6,55.0,76,20.4,0.31,Yes,8,75.6,77.6,6,49.4,3,2,0.9,10,0,4,19,2,14,No,67.8,100.0,Placed,5,2
ST_0136,SJCE,3,ECE,7.08,Male,B.E,91.3,73,7,6.1,7,19.5,5,53.0,29,27.1,0.03,Yes,19,33.5,82.3,8,93.6,4,1,5.7,7,0,2,9,0,7,Tech→AI,56.5,100.0,Placed,1,1
ST_0137,MSRIT,1,ME,7.97,Male,B.Tech,90.9,72,8,7.3,3,19.1,4,40.0,50,42.6,0.18,No,2,64.5,48.7,7,69.5,2,1,1.5,7,3,5,8,2,5,Same,66.2,100.0,Placed,1,2
ST_0138,NMIT,3,CSE,8.97,Female,B.E,88.0,70,10,7.5,5,12.1,6,39.0,77,56.4,0.2,No,18,85.0,61.2,14,64.2,10,3,6.1,4,5,6,15,1,5,No,59.9,100.0,Placed,2,1
ST_0139,BMSCE,2,ECE,6.75,Female,M.Tech,34.5,27,53,4.4,6,17.0,3,32.0,61,84.7,0.06,No,4,70.2,56.5,3,80.2,4,3,21.6,4,0,1,6,0,4,No,81.0,100.0,Placed,7,2
ST_0140,RVCE,1,ECE,6.1,Female,B.Tech,60.8,48,32,4.5,5,22.2,5,32.0,9,90.0,0.17,Yes,7,94.6,37.5,1,76.9,2,1,17.6,6,3,2,8,1,14,No,60.1,100.0,Placed,4,2
ST_0141,MSRIT,1,ME,7.13,Female,M.Tech,87.5,70,10,8.2,3,18.1,7,48.0,59,68.4,0.18,Yes,13,87.0,40.1,2,74.0,4,3,1.6,3,3,4,5,1,4,No,88.9,100.0,Placed,7,4
ST_0142,MSRIT,1,CSE,9.26,Male,B.E,86.0,68,12,5.3,5,28.0,5,34.0,65,66.1,0.45,No,2,50.4,59.0,9,84.7,3,2,1.1,1,0,6,9,0,5,Non-tech→Tech,79.9,100.0,Placed,1,3
ST_0143,PESCE,2,Civil,6.56,Male,B.Tech,80.6,64,16,6.3,5,21.9,2,67.0,12,52.7,0.43,No,12,83.3,61.0,4,69.9,3,2,4.9,18,0,1,6,2,10,Tech→AI,93.4,100.0,Placed,7,2
ST_0144,SJCE,3,CSE-AI,8.51,Female,B.E,65.6,52,28,7.1,5,27.0,7,44.0,20,30.3,0.06,Yes,10,74.6,61.0,8,50.9,1,0,5.3,1,2,7,17,2,9,Same,52.1,100.0,Not Placed,0,0
ST_0145,BMSCE,2,CSE-AI,8.54,Male,B.E,69.7,55,25,6.4,6,1.0,6,68.0,52,83.7,0.43,No,7,71.3,61.0,7,34.2,6,3,6.5,15,3,0,10,2,14,Non-tech→Tech,64.2,100.0,Placed,7,4
ST_0146,RVCE,1,Civil,6.76,Female,B.Tech,71.1,56,24,5.3,7,15.7,6,54.0,65,65.5,0.08,No,18,86.6,47.3,12,73.2,2,1,8.1,11,1,0,0,1,11,No,81.0,100.0,Not Placed,0,0
ST_0147,PESCE,2,ECE,7.66,Female,B.Tech,51.7,41,39,5.9,5,12.7,1,33.0,19,81.4,0.13,Yes,9,66.1,100.0,11,48.5,6,2,5.5,14,0,7,18,0,12,No,49.9,100.0,Placed,3,4
ST_0148,SJCE,3,CSE,8.5,Female,M.Tech,74.4,59,21,6.7,4,14.1,7,44.0,69,60.6,0.12,Yes,17,38.7,66.2,13,40.1,6,4,0.7,9,2,5,4,2,6,No,95.0,100.0,Placed,6,4
ST_0149,PESCE,2,ECE,6.9,Male,B.Tech,71.6,57,23,7.5,5,9.4,2,20.0,26,67.9,0.61,Yes,17,30.2,51.6,2,47.4,4,3,9.4,5,2,0,5,1,8,No,61.0,100.0,Placed,6,3
ST_0150,NMIT,3,ISE,7.04,Female,B.E,71.1,56,24,7.2,2,17.8,1,48.0,7,43.1,0.26,Yes,6,49.8,69.2,8,52.4,4,2,0.5,12,1,3,6,2,9,Tech→AI,67.6,100.0,Placed,3,1
ST_0151,SJCE,3,ECE,6.73,Female,B.E,93.3,74,6,8.0,6,2.3,1,35.0,58,68.7,0.25,No,15,45.1,46.7,9,61.5,3,1,0.5,5,0,7,3,2,12,No,68.5,100.0,Not Placed,0,0
ST_0152,SJCE,3,ECE,6.39,Female,B.Tech,70.4,56,24,6.2,2,17.8,5,28.0,18,86.8,0.29,Yes,5,72.7,62.5,2,85.5,6,3,8.8,1,3,2,15,2,14,Same,58.7,100.0,Placed,1,3
ST_0153,BMSCE,2,Civil,6.68,Male,B.E,71.1,56,24,4.8,4,9.6,6,68.0,40,49.6,0.18,No,15,77.2,69.2,9,56.1,4,3,4.8,13,2,2,9,1,4,Tech→AI,89.7,100.0,Placed,5,2
ST_0154,SJCE,3,Civil,6.22,Male,B.E,76.3,61,19,5.6,6,11.5,1,60.0,71,77.9,0.16,No,15,62.1,71.9,11,72.6,6,5,7.2,17,3,1,14,3,12,Tech→AI,82.4,100.0,Placed,5,2
ST_0155,PESCE,2,Civil,7.23,Female,B.E,61.7,49,31,5.4,5,18.1,3,60.0,14,51.6,0.07,Yes,0,0.0,39.4,13,90.7,6,3,2.9,5,4,3,12,1,13,Non-tech→Tech,66.3,100.0,Not Placed,0,0
ST_0156,SJCE,3,CSE-AI,6.58,Male,B.E,85.9,68,12,7.6,4,15.6,3,57.0,53,29.3,0.47,Yes,18,79.5,100.0,7,60.5,2,1,0.5,18,3,2,7,1,7,Tech→AI,73.3,100.0,Placed,4,3
ST_0157,BMSCE,2,ISE,7.39,Male,B.E,82.0,65,15,7.0,4,22.4,6,26.0,69,61.5,0.58,No,2,79.4,83.3,0,73.3,3,2,2.4,13,4,1,12,1,5,Non-tech→Tech,82.6,100.0,Placed,6,3
ST_0158,BMSCE,2,Civil,5.96,Male,B.E,90.2,72,8,6.6,6,8.2,3,39.0,61,81.9,0.2,No,5,85.7,98.6,3,71.7,7,5,5.6,12,4,4,6,0,4,Non-tech→Tech,86.2,100.0,Not Placed,0,0
ST_0159,NMIT,3,CSE,7.46,Male,B.E,78.0,62,18,4.7,4,14.4,5,40.0,31,93.3,0.35,No,3,61.9,57.4,3,82.5,3,1,1.5,7,2,2,16,1,12,No,69.2,100.0,Placed,3,2
ST_0160,PESCE,2,CSE-AI,7.87,Male,B.E,96.8,77,3,7.8,6,21.2,2,19.0,79,60.5,0.68,Yes,3,69.1,66.4,5,53.7,8,4,7.0,4,2,5,3,2,7,Same,40.0,100.0,Placed,6,3
ST_0161,MSRIT,1,ME,5.61,Male,M.Tech,95.4,76,4,6.9,2,17.5,4,37.0,9,74.1,0.15,Yes,3,67.2,62.7,11,82.0,1,0,9.5,12,2,2,6,0,3,No,71.6,100.0,Placed,2,1
ST_0162,MSRIT,1,CSE,7.5,Male,B.E,77.8,62,18,7.6,6,18.0,1,37.0,75,79.7,0.17,No,9,45.5,52.2,11,89.2,7,5,3.6,5,2,4,15,1,1,Non-tech→Tech,94.2,100.0,Not Placed,0,0
ST_0163,SJCE,3,CSE,8.18,Male,B.E,94.7,75,5,5.8,6,22.8,4,47.0,61,70.6,0.49,No,8,89.8,75.6,1,42.9,7,6,12.5,18,0,4,1,1,7,Non-tech→Tech,73.8,100.0,Placed,2,4
ST_0164,NMIT,3,Civil,6.23,Male,B.Tech,74.9,59,21,6.8,3,12.2,2,83.0,19,71.8,0.04,Yes,7,74.4,46.1,6,67.1,6,2,11.6,10,1,2,13,1,9,No,67.3,100.0,Not Placed,0,0
ST_0165,RVCE,1,ME,8.54,Male,B.E,59.7,47,33,7.3,4,10.7,2,45.0,34,76.6,0.28,No,18,60.5,74.6,4,62.3,0,0,12.6,15,0,4,13,1,2,No,68.1,100.0,Placed,5,1
ST_0166,SJCE,3,ME,7.54,Female,M.Tech,47.3,37,43,3.5,3,19.0,5,47.0,24,45.8,0.46,Yes,16,67.3,53.0,9,59.1,8,3,6.5,4,1,1,7,3,7,No,69.2,100.0,Not Placed,0,0
ST_0167,NMIT,3,CSE-AI,6.64,Female,B.Tech,85.7,68,12,7.0,5,14.0,3,41.0,41,91.6,0.09,No,16,55.7,69.2,5,70.6,4,3,2.2,11,0,2,5,0,10,Tech→AI,79.8,100.0,Placed,6,4
ST_0168,PESCE,2,ME,7.16,Male,B.E,81.7,65,15,5.3,5,22.9,3,56.0,7,73.4,0.24,No,0,0.0,88.3,10,77.7,2,1,3.9,16,4,2,6,2,2,Non-tech→Tech,81.2,100.0,Placed,3,2
ST_0169,PESCE,2,ISE,7.65,Female,B.E,90.0,72,8,7.9,5,17.6,2,29.0,77,94.9,0.5,Yes,19,76.6,59.6,13,44.6,3,2,7.4,1,1,0,6,2,13,Tech→AI,45.0,100.0,Placed,2,4
ST_0170,PESCE,2,Civil,7.26,Female,B.Tech,84.4,67,13,7.3,3,10.6,5,73.0,45,83.9,0.16,No,13,54.1,76.0,5,43.7,4,3,1.4,9,0,5,1,1,13,Tech→AI,61.3,100.0,Placed,6,3
ST_0171,PESCE,2,ME,7.63,Male,M.Tech,46.3,37,43,4.4,3,17.4,5,43.0,43,56.1,0.1,Yes,19,64.1,52.8,13,58.6,7,6,8.1,14,1,2,3,0,3,No,56.8,100.0,Placed,1,3
ST_0172,PESCE,2,CSE-AI,6.46,Male,B.E,59.5,47,33,5.7,1,8.7,6,39.0,30,89.9,0.26,Yes,10,58.7,40.7,13,81.7,5,1,4.8,18,0,6,12,1,13,Tech→AI,61.2,100.0,Not Placed,0,0
ST_0173,NMIT,3,ISE,7.34,Male,B.Tech,81.7,65,15,8.5,4,21.6,7,60.0,6,87.2,0.38,Yes,2,87.2,91.9,11,78.3,2,0,0.6,19,3,0,9,3,10,Tech→AI,91.4,100.0,Placed,1,2
ST_0174,NMIT,3,ECE,6.07,Female,B.E,97.2,77,3,6.6,5,5.2,1,32.0,27,43.0,0.32,Yes,7,84.0,75.5,13,82.2,8,6,4.9,16,1,4,8,1,14,Tech→AI,87.9,100.0,Not Placed,0,0
ST_0175,BMSCE,2,ECE,7.11,Female,M.Tech,97.3,77,3,5.9,6,23.6,7,56.0,27,44.2,0.32,Yes,9,50.9,59.6,10,69.5,5,2,0.5,18,1,5,14,1,12,Tech→AI,80.6,100.0,Placed,6,3
ST_0176,MSRIT,1,ISE,6.48,Male,B.E,80.3,64,16,8.3,5,17.2,3,66.0,20,29.5,0.7,No,16,95.4,74.5,5,64.9,3,1,0.5,18,3,5,11,3,10,Tech→AI,75.1,100.0,Placed,2,2
ST_0177,PESCE,2,CSE-AI,6.61,Male,M.Tech,70.8,56,24,6.6,4,13.8,2,41.0,13,70.1,0.14,No,7,58.5,43.7,9,52.4,2,1,13.2,12,1,4,9,2,3,No,47.1,100.0,Placed,3,2
ST_0178,RVCE,1,ISE,8.19,Male,B.Tech,52.4,41,39,6.7,7,20.3,6,76.0,17,51.7,0.21,Yes,0,0.0,70.0,11,80.2,5,3,4.0,12,3,1,18,1,12,Tech→AI,60.3,100.0,Placed,5,2
ST_0179,NMIT,3,Civil,8.07,Female,B.Tech,73.0,58,22,6.8,5,18.6,4,55.0,32,85.3,0.41,No,19,75.7,65.9,7,68.5,5,4,4.7,15,1,7,4,3,13,No,87.7,100.0,Not Placed,0,0
ST_0180,RVCE,1,Civil,7.69,Female,B.E,62.0,49,31,7.0,7,24.3,3,55.0,31,91.7,0.22,No,6,90.6,73.7,9,64.5,5,2,2.0,2,1,7,6,0,4,Tech→AI,62.6,100.0,Not Placed,0,0
ST_0181,RVCE,1,ECE,6.33,Female,B.E,94.5,75,5,7.4,5,24.2,1,65.0,55,60.5,0.41,No,8,71.8,91.6,3,39.6,6,3,4.7,3,1,0,19,2,6,No,42.8,100.0,Not Placed,0,0
ST_0182,RVCE,1,ME,6.95,Female,B.E,60.0,48,32,6.6,3,17.5,5,69.0,68,58.7,0.7,No,11,94.4,88.1,9,78.1,8,7,1.1,6,0,2,10,1,3,Same,63.9,100.0,Placed,1,1
ST_0183,BMSCE,2,CSE-AI,8.17,Male,B.E,66.3,53,27,7.6,2,8.9,2,49.0,56,56.6,0.17,Yes,8,91.8,37.0,7,66.1,8,7,8.2,2,0,0,15,1,13,Non-tech→Tech,57.1,100.0,Placed,2,3
ST_0184,NMIT,3,ECE,7.31,Male,B.E,92.6,74,6,7.8,5,11.2,3,57.0,42,86.1,0.27,Yes,19,89.7,26.1,8,69.9,4,2,10.4,8,0,4,12,1,9,Tech→AI,64.1,100.0,Placed,5,4
ST_0185,RVCE,1,ME,9.06,Male,B.Tech,45.7,36,44,3.5,2,14.5,4,66.0,69,83.0,0.35,No,2,53.7,66.4,12,32.4,3,2,11.6,7,3,4,3,0,2,Tech→AI,57.9,100.0,Placed,7,1
ST_0186,PESCE,2,ME,7.51,Male,B.E,83.1,66,14,6.1,4,22.6,1,28.0,22,65.5,0.17,Yes,3,76.4,65.0,12,41.4,3,2,0.7,17,2,6,15,1,7,Same,58.5,100.0,Not Placed,0,0
ST_0187,SJCE,3,Civil,7.35,Female,B.E,66.2,52,28,4.8,5,11.8,1,19.0,67,81.2,0.12,Yes,9,67.1,41.5,3,29.6,2,1,4.9,13,0,7,12,0,6,Tech→AI,68.9,100.0,Placed,4,1
ST_0188,RVCE,1,CSE,6.95,Female,M.Tech,81.2,64,16,5.9,5,12.4,6,44.0,55,93.0,0.36,Yes,3,69.0,44.7,0,62.5,3,2,9.9,19,0,1,0,0,14,No,72.0,100.0,Placed,3,3
ST_0189,BMSCE,2,CSE,7.31,Male,B.Tech,91.6,73,7,6.7,5,27.9,3,19.0,13,74.1,0.32,Yes,8,69.6,48.1,2,79.6,4,1,0.8,4,4,7,3,1,2,Same,85.1,100.0,Placed,7,1
ST_0190,NMIT,3,ISE,7.08,Male,M.Tech,66.3,53,27,6.2,3,14.3,4,40.0,17,81.6,0.26,Yes,0,0.0,86.0,0,61.9,4,2,0.6,2,0,5,14,2,11,Tech→AI,74.1,100.0,Placed,4,4
ST_0191,BMSCE,2,Civil,7.77,Female,M.Tech,61.5,49,31,6.0,4,10.6,1,50.0,44,84.1,0.28,Yes,4,53.9,53.5,6,60.3,3,1,10.2,9,1,5,15,0,3,Tech→AI,78.7,100.0,Placed,3,2
ST_0192,RVCE,1,ME,7.97,Male,B.E,45.0,36,44,4.4,5,20.4,2,41.0,59,94.3,0.09,Yes,8,59.5,34.9,11,49.0,6,5,9.6,10,1,4,3,1,6,Same,94.0,100.0,Not Placed,0,0
ST_0193,NMIT,3,CSE-AI,6.57,Female,B.E,85.5,68,12,7.6,7,14.6,1,43.0,47,77.3,0.53,No,4,81.3,60.8,0,51.6,4,1,3.6,16,2,0,16,2,10,No,84.0,100.0,Placed,5,4
ST_0194,SJCE,3,CSE,6.14,Male,B.Tech,57.2,45,35,3.8,5,5.3,4,30.0,48,68.6,0.18,No,5,88.8,62.0,10,70.2,4,2,0.7,7,0,5,10,0,4,No,72.8,100.0,Not Placed,0,0
ST_0195,RVCE,1,ME,5.73,Male,B.Tech,94.2,75,5,6.0,7,22.3,5,57.0,72,70.9,0.22,Yes,18,53.1,43.4,3,88.4,6,5,4.4,8,4,6,4,3,1,Tech→AI,82.4,100.0,Placed,5,1
ST_0196,BMSCE,2,CSE,7.61,Male,B.E,65.9,52,28,4.6,6,9.8,5,29.0,37,22.5,0.77,Yes,7,74.6,72.6,12,62.7,5,4,3.0,7,1,6,12,2,1,Tech→AI,76.1,100.0,Placed,4,3
ST_0197,MSRIT,1,CSE,6.32,Male,B.Tech,80.9,64,16,6.9,5,15.3,6,13.0,28,74.3,0.07,Yes,9,45.3,82.5,13,76.2,2,1,4.4,19,0,2,11,0,3,Non-tech→Tech,78.1,100.0,Placed,2,3
ST_0198,PESCE,2,CSE,5.48,Male,B.E,43.4,34,46,3.5,3,14.5,3,42.0,40,52.6,0.17,Yes,10,94.5,55.6,0,73.6,4,2,3.5,1,1,2,2,3,8,Tech→AI,69.1,100.0,Placed,7,3
ST_0199,BMSCE,2,CSE-AI,7.51,Male,B.E,73.4,58,22,5.5,5,16.6,4,59.0,14,85.8,0.08,Yes,12,71.4,34.9,12,72.6,5,3,5.0,3,1,0,3,1,11,Non-tech→Tech,57.4,100.0,Placed,5,2
ST_0200,NMIT,3,Civil,9.19,Male,B.E,85.3,68,12,6.7,5,1.0,6,46.0,24,83.6,0.31,Yes,19,66.0,57.1,12,38.9,4,2,7.8,15,0,7,9,0,4,Tech→AI,75.8,100.0,Placed,1,1
ST_0201,RVCE,1,CSE-AI,7.2,Female,B.E,66.3,53,27,7.2,5,12.7,7,28.0,79,78.5,0.27,No,3,69.7,67.4,1,56.1,3,2,8.9,8,4,7,8,1,11,Same,96.4,100.0,Placed,7,2
ST_0202,PESCE,2,ECE,7.87,Female,B.E,63.4,50,30,3.9,4,22.9,1,47.0,16,84.6,0.06,Yes,10,52.9,23.2,10,20.8,1,0,6.3,8,0,1,9,1,1,No,88.0,100.0,Not Placed,0,0
ST_0203,RVCE,1,ME,7.27,Female,B.E,67.7,54,26,6.7,5,23.9,7,52.0,66,62.7,0.39,Yes,11,58.8,70.7,14,42.5,4,1,1.3,4,3,2,12,1,8,Tech→AI,58.4,100.0,Placed,7,2
ST_0204,NMIT,3,Civil,7.12,Female,B.Tech,62.7,50,30,6.4,4,8.1,1,46.0,22,74.0,0.31,Yes,4,82.4,55.3,13,84.3,4,2,3.0,2,1,0,0,2,10,Tech→AI,53.0,100.0,Placed,7,1
ST_0205,RVCE,1,Civil,7.94,Female,B.E,77.1,61,19,7.8,5,21.4,5,41.0,67,25.0,0.2,No,9,53.4,62.8,0,47.6,4,2,0.5,13,0,0,11,0,6,Non-tech→Tech,53.1,100.0,Not Placed,0,0
ST_0206,MSRIT,1,Civil,6.97,Male,B.E,73.6,58,22,8.1,3,9.7,6,52.0,29,65.9,0.37,No,6,70.5,56.8,12,58.6,3,2,3.6,14,0,4,10,3,1,Non-tech→Tech,57.3,100.0,Not Placed,0,0
ST_0207,PESCE,2,Civil,7.41,Male,B.Tech,30.0,24,56,1.9,6,12.4,5,19.0,16,84.1,0.25,No,8,79.0,48.4,4,73.1,3,1,21.1,5,1,5,7,2,12,No,59.5,100.0,Placed,2,2
ST_0208,PESCE,2,CSE-AI,7.46,Female,M.Tech,82.6,66,14,5.6,3,12.7,2,32.0,25,95.1,0.31,No,8,89.0,60.0,6,90.3,2,1,6.2,15,2,4,13,2,10,Tech→AI,82.4,100.0,Placed,4,2
ST_0209,NMIT,3,Civil,6.67,Male,B.Tech,73.9,59,21,8.0,2,15.8,7,25.0,29,39.4,0.61,Yes,9,81.7,52.8,2,70.7,4,2,1.0,9,3,5,13,0,10,Non-tech→Tech,52.2,100.0,Placed,1,1
ST_0210,MSRIT,1,ISE,7.99,Female,B.Tech,79.4,63,17,6.6,4,22.0,7,65.0,15,72.7,0.42,Yes,9,68.5,55.6,13,50.7,4,3,1.9,13,2,1,19,1,6,Non-tech→Tech,34.5,100.0,Placed,7,1
ST_0211,BMSCE,2,ME,7.06,Female,B.Tech,67.8,54,26,6.3,5,16.9,5,56.0,68,95.3,0.47,No,1,84.9,46.2,7,41.3,5,3,0.5,11,1,1,16,2,1,Non-tech→Tech,61.7,100.0,Placed,5,3
ST_0212,RVCE,1,Civil,6.6,Male,B.E,85.8,68,12,7.8,4,14.1,2,48.0,77,73.7,0.7,Yes,3,96.3,71.7,13,44.2,4,3,1.2,8,0,1,18,2,10,Non-tech→Tech,71.4,100.0,Placed,3,2
ST_0213,SJCE,3,ME,7.63,Male,B.E,43.1,34,46,5.3,3,21.8,1,23.0,54,83.7,0.26,No,7,52.2,84.3,14,83.8,7,6,4.0,18,4,0,19,3,10,Tech→AI,76.6,100.0,Placed,7,2
ST_0214,RVCE,1,ISE,6.48,Male,B.E,92.5,74,6,9.3,5,9.4,6,56.0,66,65.0,0.35,No,13,81.0,46.3,4,68.8,3,2,2.5,11,4,0,16,3,3,Tech→AI,90.3,100.0,Placed,3,1
ST_0215,RVCE,1,ISE,7.22,Female,B.E,80.4,64,16,8.8,4,14.5,2,66.0,53,89.3,0.42,No,16,85.8,59.9,4,49.0,3,1,1.4,12,1,7,5,1,2,Non-tech→Tech,92.5,100.0,Not Placed,0,0
ST_0216,BMSCE,2,ME,7.19,Male,B.E,63.5,50,30,6.7,7,22.0,6,54.0,18,71.2,0.26,Yes,12,88.4,42.3,12,74.5,5,4,1.0,12,0,4,13,2,4,Tech→AI,60.9,100.0,Placed,7,2
ST_0217,RVCE,1,CSE,8.07,Female,B.Tech,65.4,52,28,5.1,7,18.7,7,44.0,5,10.0,0.31,No,17,62.2,69.0,4,77.6,1,0,6.4,16,2,2,17,0,2,Tech→AI,70.7,100.0,Placed,2,4
ST_0218,MSRIT,1,ECE,7.58,Female,B.E,77.3,61,19,8.2,5,11.7,6,54.0,29,23.6,0.08,Yes,17,70.2,66.0,7,92.3,1,0,4.9,1,2,6,16,1,11,No,54.2,100.0,Placed,5,3
ST_0219,MSRIT,1,CSE,7.18,Female,B.E,85.1,68,12,5.3,4,4.4,7,49.0,63,68.6,0.15,Yes,12,89.1,51.6,1,27.5,6,3,11.1,19,1,5,5,0,13,No,33.4,100.0,Not Placed,0,0
ST_0220,PESCE,2,CSE,7.85,Male,B.E,70.0,56,24,5.1,5,17.2,2,59.0,76,44.0,0.63,Yes,7,83.7,60.5,1,88.0,1,0,1.2,8,1,5,4,2,5,Same,77.2,100.0,Placed,6,2
ST_0221,NMIT,3,CSE-AI,8.31,Male,B.Tech,91.7,73,7,9.1,1,3.9,7,59.0,73,65.1,0.06,No,11,55.8,77.6,14,76.6,9,5,11.3,7,3,1,12,3,4,Tech→AI,62.1,100.0,Not Placed,0,0
ST_0222,SJCE,3,CSE,7.65,Female,B.E,74.5,59,21,5.5,4,13.5,3,42.0,9,85.1,0.4,Yes,0,0.0,33.1,13,57.6,2,1,5.2,6,0,7,15,0,6,Tech→AI,64.4,100.0,Not Placed,0,0
ST_0223,RVCE,1,Civil,7.21,Male,B.Tech,72.8,58,22,5.3,4,23.3,7,35.0,23,84.9,0.36,Yes,19,87.4,38.7,11,63.3,3,1,1.9,4,1,5,8,1,14,No,71.5,100.0,Placed,7,2
ST_0224,RVCE,1,CSE-AI,6.15,Male,B.E,44.4,35,45,3.2,7,19.2,5,39.0,27,79.9,0.55,Yes,17,80.9,72.5,7,77.1,5,3,1.9,18,0,3,11,3,7,Same,68.8,100.0,Placed,2,3
ST_0225,BMSCE,2,CSE-AI,6.35,Male,B.E,92.0,73,7,9.0,1,1.0,2,53.0,13,59.5,0.75,No,2,90.4,63.0,8,72.6,6,5,3.0,2,0,1,9,1,12,Tech→AI,86.2,100.0,Not Placed,0,0
ST_0226,NMIT,3,ISE,6.96,Female,B.E,78.1,62,18,6.7,5,16.4,1,40.0,54,59.1,0.31,No,11,75.1,60.7,10,62.4,5,3,3.7,12,4,6,12,1,2,Same,50.3,100.0,Placed,2,2
ST_0227,MSRIT,1,CSE,6.71,Female,B.Tech,73.5,58,22,7.1,5,12.8,6,34.0,20,91.2,0.07,No,18,84.2,79.0,11,33.6,8,6,0.5,5,1,5,18,1,2,Same,50.4,100.0,Placed,7,1
ST_0228,SJCE,3,ISE,7.05,Male,B.E,66.5,53,27,4.9,4,6.1,4,45.0,37,81.1,0.16,Yes,12,80.5,74.7,9,61.4,4,2,11.1,10,3,4,15,1,8,Same,44.4,100.0,Placed,6,2
ST_0229,PESCE,2,ME,7.25,Female,B.Tech,46.2,36,44,5.8,2,17.3,2,62.0,6,75.2,0.15,Yes,9,65.0,92.9,9,79.1,8,1,0.8,3,1,5,16,3,13,Same,83.8,100.0,Placed,7,1
ST_0230,MSRIT,1,ECE,7.62,Male,B.E,85.6,68,12,8.2,7,11.6,5,47.0,18,68.2,0.33,No,14,71.8,78.1,1,56.4,3,2,4.0,2,3,0,15,1,13,No,87.5,100.0,Placed,2,3
ST_0231,NMIT,3,CSE-AI,7.14,Male,B.E,76.1,60,20,5.8,5,11.6,7,41.0,5,97.7,0.06,Yes,19,66.7,71.5,3,88.7,4,1,2.9,3,1,4,13,0,9,Same,83.9,100.0,Placed,5,4
ST_0232,PESCE,2,ME,7.59,Male,B.Tech,59.6,47,33,5.2,5,15.9,6,50.0,62,75.1,0.42,No,1,85.7,61.0,7,76.3,5,4,4.3,2,0,4,15,0,5,No,56.6,100.0,Placed,7,1
ST_0233,BMSCE,2,ME,7.25,Male,B.Tech,69.7,55,25,5.0,3,10.6,3,46.0,20,55.0,0.12,No,18,26.9,59.4,1,62.9,5,4,13.1,12,3,4,14,0,7,Same,44.8,100.0,Placed,3,1
ST_0234,BMSCE,2,Civil,5.62,Female,B.Tech,64.3,51,29,7.8,4,15.7,1,16.0,51,32.7,0.13,Yes,2,67.7,61.9,3,34.7,6,4,27.1,14,0,3,11,1,13,No,59.1,100.0,Placed,4,4
ST_0235,RVCE,1,ECE,6.45,Female,B.Tech,77.4,61,19,7.2,4,10.8,3,55.0,48,60.8,0.37,Yes,13,90.5,66.0,9,69.4,3,2,0.5,11,1,3,4,3,12,Tech→AI,66.7,100.0,Not Placed,0,0
ST_0236,NMIT,3,ME,7.08,Female,B.Tech,83.4,66,14,8.7,2,11.2,4,51.0,18,28.9,0.13,No,6,96.0,40.3,12,80.0,0,0,3.0,14,1,5,10,2,9,No,34.3,100.0,Not Placed,0,0
ST_0237,SJCE,3,ME,6.23,Male,B.Tech,63.8,51,29,5.0,2,22.0,2,45.0,28,58.9,0.44,Yes,7,84.1,66.7,12,81.4,5,1,10.2,10,0,1,4,3,14,Tech→AI,66.7,100.0,Placed,5,1
ST_0238,PESCE,2,ECE,7.68,Male,B.Tech,71.2,56,24,7.4,6,22.7,6,61.0,59,64.6,0.09,Yes,10,80.7,57.6,0,95.9,3,2,2.4,10,0,7,10,3,1,No,89.5,100.0,Not Placed,0,0
ST_0239,MSRIT,1,ECE,8.42,Male,B.Tech,91.7,73,7,8.6,3,3.0,2,63.0,19,74.8,0.1,No,19,87.6,68.4,1,76.6,5,4,6.3,12,2,5,1,1,8,Non-tech→Tech,45.8,100.0,Placed,4,2
ST_0240,NMIT,3,ME,8.18,Female,B.Tech,65.1,52,28,6.7,3,20.2,5,57.0,76,68.7,0.53,Yes,5,80.8,51.6,6,63.9,3,2,29.2,11,1,5,18,1,10,Same,97.0,100.0,Placed,2,1
ST_0241,NMIT,3,ECE,7.03,Male,B.Tech,51.5,41,39,7.0,5,24.8,2,32.0,38,43.1,0.2,No,10,80.5,50.1,0,82.9,1,0,6.2,5,1,7,16,1,10,Tech→AI,80.7,100.0,Placed,2,1
ST_0242,BMSCE,2,ME,8.39,Female,B.Tech,65.8,52,28,5.5,6,25.9,1,33.0,6,84.7,0.29,Yes,16,60.2,66.2,11,76.7,2,1,0.7,19,1,7,18,0,9,No,74.6,100.0,Placed,7,4
ST_0243,RVCE,1,ME,7.32,Female,B.E,46.1,36,44,3.3,2,18.6,4,62.0,31,72.6,0.2,No,9,72.0,70.6,0,60.2,2,1,11.1,18,1,5,11,1,9,Non-tech→Tech,86.0,100.0,Placed,4,4
ST_0244,RVCE,1,Civil,6.93,Female,B.Tech,92.4,73,7,8.2,5,7.6,3,17.0,78,69.4,0.54,Yes,16,66.3,51.1,1,34.7,2,1,20.4,18,2,7,19,1,10,No,87.2,100.0,Placed,4,2
ST_0245,PESCE,2,CSE,6.71,Female,B.Tech,54.1,43,37,6.2,2,19.4,4,43.0,76,70.3,0.5,Yes,1,65.8,85.7,3,48.2,2,1,7.5,2,3,6,4,1,7,Tech→AI,83.8,100.0,Placed,2,2
ST_0246,BMSCE,2,ME,6.96,Female,B.E,95.7,76,4,8.0,1,8.9,6,52.0,27,80.0,0.32,No,5,55.3,85.6,6,47.9,5,4,3.3,15,0,0,11,1,12,Same,89.4,100.0,Placed,5,3
ST_0247,NMIT,3,ISE,6.89,Female,B.Tech,46.1,36,44,3.6,2,12.6,2,19.0,72,83.5,0.69,No,4,27.3,33.5,3,87.1,9,7,17.8,8,2,4,15,1,12,Tech→AI,52.4,100.0,Not Placed,0,0
ST_0248,SJCE,3,CSE-AI,7.34,Male,B.E,75.4,60,20,6.5,6,17.7,6,49.0,18,53.6,0.35,Yes,3,93.3,48.0,4,60.2,5,2,20.8,13,1,2,0,1,12,No,50.3,100.0,Not Placed,0,0
ST_0249,BMSCE,2,CSE,7.33,Male,B.E,75.4,60,20,5.8,2,9.4,3,59.0,67,69.9,0.21,Yes,1,92.1,64.1,3,55.8,5,2,16.4,2,1,6,1,1,12,Non-tech→Tech,70.9,100.0,Not Placed,0,0
ST_0250,PESCE,2,CSE,7.2,Female,B.Tech,80.0,64,16,6.5,1,7.0,6,23.0,69,59.9,0.19,No,11,80.6,68.7,3,50.5,1,0,3.2,2,1,1,9,0,10,Same,52.8,100.0,Placed,6,3
ST_0251,PESCE,2,CSE,7.55,Female,B.E,78.9,63,17,7.3,4,18.3,5,70.0,72,72.1,0.04,Yes,2,70.4,100.0,8,68.1,2,1,9.4,19,1,1,1,1,3,No,86.3,100.0,Placed,3,1
ST_0252,BMSCE,2,Civil,8.15,Male,B.Tech,70.0,56,24,7.2,6,28.1,4,30.0,67,79.6,0.44,No,5,96.8,64.5,14,59.7,3,2,6.4,6,0,4,9,1,13,Tech→AI,69.0,100.0,Placed,3,3
ST_0253,PESCE,2,ME,7.96,Female,B.Tech,67.4,53,27,5.0,3,23.7,3,54.0,68,54.6,0.28,No,13,24.2,59.9,5,67.0,4,2,1.2,18,1,1,17,2,13,Non-tech→Tech,77.8,100.0,Placed,3,2
ST_0254,BMSCE,2,Civil,6.01,Female,B.E,84.1,67,13,6.7,4,20.0,3,44.0,36,53.2,0.18,No,7,69.0,41.5,11,61.1,6,4,4.6,2,0,4,0,0,5,Tech→AI,84.0,100.0,Not Placed,0,0
ST_0255,MSRIT,1,ME,5.16,Male,B.E,81.0,64,16,5.9,1,21.9,7,46.0,17,69.1,0.19,Yes,13,79.3,33.5,2,71.3,6,4,8.3,0,0,1,4,1,13,Same,90.2,100.0,Placed,7,1
ST_0256,BMSCE,2,Civil,7.95,Female,B.E,68.6,54,26,4.9,4,19.5,3,26.0,70,72.3,0.16,Yes,2,61.4,59.6,5,50.2,4,2,13.6,11,5,5,11,1,2,Non-tech→Tech,77.9,100.0,Placed,7,2
ST_0257,BMSCE,2,Civil,6.11,Female,B.Tech,88.7,70,10,8.5,5,18.1,7,64.0,23,62.9,0.18,No,15,61.6,99.0,12,44.4,4,3,11.9,5,1,0,16,0,11,Tech→AI,72.4,100.0,Placed,1,1
ST_0258,PESCE,2,CSE-AI,7.02,Female,M.Tech,74.4,59,21,8.1,5,21.3,1,50.0,28,84.4,0.1,Yes,14,81.2,58.2,6,52.9,4,2,1.0,6,1,6,18,1,10,Tech→AI,75.0,100.0,Placed,1,2
ST_0259,PESCE,2,ISE,6.26,Male,B.Tech,69.3,55,25,5.6,4,5.4,7,69.0,15,87.1,0.38,Yes,6,93.5,48.1,6,79.1,5,4,4.0,1,0,6,17,1,3,No,89.7,100.0,Placed,7,2
ST_0260,RVCE,1,Civil,5.76,Male,B.E,86.5,69,11,8.2,4,16.4,4,26.0,63,42.3,0.51,Yes,14,49.5,70.1,7,73.7,7,3,3.9,17,3,1,12,1,10,No,79.8,100.0,Placed,6,3
ST_0261,RVCE,1,CSE-AI,7.63,Male,B.Tech,84.1,67,13,8.6,2,14.4,6,42.0,19,50.1,0.32,Yes,12,40.3,25.9,12,61.3,5,3,13.7,14,0,6,2,0,7,Tech→AI,30.2,100.0,Placed,2,4
ST_0262,MSRIT,1,ECE,7.81,Female,B.E,68.7,54,26,7.5,4,15.6,7,48.0,14,78.7,0.3,Yes,5,83.4,63.4,3,47.9,3,1,0.5,14,1,1,9,1,1,No,85.8,100.0,Not Placed,0,0
ST_0263,RVCE,1,ISE,6.74,Female,B.Tech,54.4,43,37,4.0,2,11.8,3,46.0,45,90.4,0.28,Yes,14,78.0,76.8,0,72.4,7,6,8.1,9,2,7,13,0,3,Same,53.4,100.0,Placed,2,2
ST_0264,BMSCE,2,Civil,5.13,Male,B.E,81.8,65,15,8.7,6,18.6,4,55.0,31,66.5,0.05,No,16,91.3,44.9,5,89.6,4,3,5.8,16,3,7,7,1,5,No,92.1,100.0,Not Placed,0,0
ST_0265,PESCE,2,CSE,6.76,Female,B.Tech,87.5,70,10,6.8,7,9.3,7,42.0,64,51.4,0.28,Yes,3,52.5,86.6,7,89.6,6,2,15.3,17,3,7,9,2,11,No,71.6,100.0,Placed,2,2
ST_0266,RVCE,1,ECE,7.51,Female,B.E,86.5,69,11,6.5,7,11.3,7,77.0,77,68.0,0.23,Yes,13,67.2,73.9,4,82.4,4,3,3.7,17,0,2,1,0,14,Non-tech→Tech,70.6,100.0,Placed,4,3
ST_0267,RVCE,1,ECE,6.02,Female,M.Tech,55.8,44,36,3.6,6,10.4,3,46.0,56,82.2,0.43,Yes,14,70.9,86.8,12,26.6,3,2,6.4,14,3,6,12,1,4,No,72.6,100.0,Placed,4,3
ST_0268,MSRIT,1,CSE-AI,7.35,Female,B.E,76.1,60,20,6.5,5,21.0,5,10.0,32,63.7,0.22,No,11,84.1,37.2,2,85.4,2,1,21.6,5,2,0,4,1,3,Non-tech→Tech,88.4,100.0,Placed,4,4
ST_0269,NMIT,3,ECE,7.19,Female,B.Tech,36.7,29,51,2.6,5,14.9,5,46.0,69,53.7,0.37,Yes,18,51.0,58.7,3,58.3,1,0,8.2,8,5,6,10,1,6,Non-tech→Tech,77.4,100.0,Placed,2,4
ST_0270,MSRIT,1,ISE,7.66,Male,M.Tech,56.3,45,35,4.4,3,11.8,7,64.0,21,65.3,0.29,No,9,89.0,78.6,7,90.1,2,1,0.5,10,4,5,0,1,12,Tech→AI,78.0,100.0,Placed,4,3
ST_0271,BMSCE,2,Civil,7.3,Female,B.E,85.7,68,12,6.4,5,12.4,5,31.0,48,68.7,0.21,No,5,85.1,35.0,5,63.9,4,3,1.1,14,1,0,9,1,6,Same,99.3,100.0,Placed,7,4
ST_0272,PESCE,2,Civil,6.42,Male,M.Tech,94.3,75,5,8.9,4,15.0,2,30.0,14,76.8,0.38,Yes,8,90.4,79.0,12,38.8,8,5,10.3,2,2,6,12,0,4,Tech→AI,86.0,100.0,Placed,6,3
ST_0273,MSRIT,1,CSE,8.16,Female,B.Tech,83.6,66,14,8.5,4,26.4,3,32.0,67,73.3,0.59,Yes,1,84.8,58.8,14,92.3,3,2,2.4,18,1,0,3,0,9,No,52.8,100.0,Not Placed,0,0
ST_0274,RVCE,1,CSE-AI,7.07,Male,B.E,73.8,59,21,5.6,6,6.3,2,29.0,51,79.9,0.05,Yes,3,80.8,78.9,12,72.2,3,2,7.3,0,1,6,9,1,11,Same,79.2,100.0,Not Placed,0,0
ST_0275,PESCE,2,CSE,7.18,Female,B.E,61.4,49,31,7.1,3,19.7,4,38.0,42,93.8,0.32,No,8,66.2,65.9,4,90.6,5,4,7.2,16,0,1,11,0,6,Non-tech→Tech,74.4,100.0,Placed,4,4
ST_0276,PESCE,2,ECE,6.45,Male,B.Tech,56.6,45,35,6.8,4,18.3,2,59.0,74,54.6,0.52,No,14,61.2,87.4,12,62.3,6,4,30.4,10,0,3,13,0,9,Non-tech→Tech,71.0,100.0,Placed,2,2
ST_0277,RVCE,1,CSE,6.85,Female,B.E,95.7,76,4,8.8,7,8.8,4,68.0,57,64.3,0.11,No,12,85.6,38.7,8,87.7,5,2,3.8,17,0,7,2,1,13,Non-tech→Tech,86.5,100.0,Not Placed,0,0
ST_0278,MSRIT,1,ISE,6.49,Male,B.E,86.2,68,12,5.8,2,25.3,7,10.0,48,70.1,0.08,Yes,19,89.3,67.9,9,80.6,5,3,8.0,10,4,1,1,0,11,No,82.3,100.0,Placed,3,2
ST_0279,RVCE,1,Civil,7.06,Female,B.E,57.9,46,34,6.2,4,18.8,4,39.0,78,45.4,0.14,No,7,69.1,34.8,2,62.4,4,3,0.5,6,0,4,18,0,10,Same,44.2,100.0,Placed,5,2
ST_0280,NMIT,3,ECE,8.57,Male,B.Tech,75.1,60,20,8.3,7,11.4,4,50.0,58,82.2,0.41,Yes,18,61.7,69.6,6,73.1,5,3,3.7,0,0,7,10,0,10,Non-tech→Tech,48.1,100.0,Placed,3,4
ST_0281,PESCE,2,CSE,6.1,Female,B.E,50.5,40,40,5.8,5,2.0,6,48.0,24,42.2,0.09,Yes,18,83.8,67.9,8,51.8,2,1,1.2,11,1,6,6,0,2,Tech→AI,49.5,100.0,Not Placed,0,0
ST_0282,SJCE,3,CSE-AI,5.91,Male,B.Tech,72.9,58,22,5.7,5,16.6,2,73.0,35,93.8,0.62,No,15,83.2,56.9,10,63.5,3,2,11.0,3,1,2,17,2,6,No,81.2,100.0,Placed,4,4
ST_0283,SJCE,3,ISE,8.38,Male,M.Tech,82.8,66,14,7.0,3,14.7,6,15.0,11,85.1,0.04,No,10,63.3,47.9,12,49.8,2,1,11.0,7,4,0,13,0,14,Tech→AI,82.9,100.0,Placed,3,4
ST_0284,BMSCE,2,ISE,7.03,Female,M.Tech,66.7,53,27,6.6,4,7.8,7,10.0,62,39.5,0.4,Yes,9,75.3,56.1,10,75.7,3,2,1.6,14,2,4,6,2,4,Tech→AI,83.5,100.0,Placed,3,3
ST_0285,RVCE,1,CSE,6.66,Female,B.Tech,75.3,60,20,6.6,6,7.7,3,76.0,14,55.4,0.13,Yes,7,86.6,63.8,11,55.2,5,4,2.3,10,0,5,6,1,2,No,64.2,100.0,Not Placed,0,0
ST_0286,RVCE,1,Civil,8.03,Male,B.E,53.6,42,38,3.7,5,21.1,2,56.0,14,64.1,0.29,Yes,0,0.0,67.1,3,53.4,4,2,7.3,7,4,7,8,1,5,Tech→AI,88.1,100.0,Not Placed,0,0
ST_0287,BMSCE,2,CSE,6.72,Female,B.Tech,91.8,73,7,6.8,5,1.3,3,36.0,43,81.7,0.2,Yes,9,59.6,96.8,9,27.0,1,0,8.0,11,0,4,11,0,14,Tech→AI,57.6,100.0,Placed,2,4
ST_0288,BMSCE,2,ECE,8.66,Male,B.E,87.5,70,10,8.5,2,17.2,3,48.0,32,59.4,0.12,Yes,17,76.7,77.7,9,13.9,2,0,6.4,2,5,7,5,3,3,Tech→AI,46.2,100.0,Not Placed,0,0
ST_0289,BMSCE,2,CSE,7.74,Male,B.E,73.4,58,22,7.8,1,13.7,4,49.0,34,95.2,0.15,No,2,76.1,51.4,2,67.9,4,2,34.3,3,0,3,6,2,6,Tech→AI,67.1,100.0,Placed,7,2
ST_0290,PESCE,2,ISE,6.81,Male,B.E,75.0,60,20,5.0,7,18.5,2,36.0,41,27.4,0.15,No,10,69.0,72.4,0,40.7,7,6,12.2,11,2,6,3,0,11,Tech→AI,70.6,100.0,Placed,6,4
ST_0291,NMIT,3,CSE,8.93,Female,B.E,90.2,72,8,9.2,4,12.9,3,47.0,71,87.3,0.42,No,17,38.7,77.9,8,84.1,3,1,3.2,7,0,0,15,0,14,No,76.3,100.0,Not Placed,0,0
ST_0292,RVCE,1,Civil,6.72,Male,B.Tech,78.1,62,18,6.0,5,17.1,5,50.0,47,94.2,0.44,No,2,56.6,50.2,12,57.2,5,4,2.4,9,4,1,6,1,8,Tech→AI,76.6,100.0,Placed,7,2
ST_0293,PESCE,2,CSE-AI,7.79,Male,B.Tech,70.0,56,24,6.8,2,9.8,3,75.0,56,55.3,0.36,Yes,7,59.9,74.6,0,77.0,6,2,5.5,0,0,0,7,3,4,Non-tech→Tech,61.2,100.0,Placed,4,2
ST_0294,BMSCE,2,ME,7.44,Female,B.E,49.0,39,41,5.9,5,14.7,5,59.0,60,91.5,0.12,No,13,73.9,35.2,1,79.3,1,0,10.2,12,0,7,7,1,12,Non-tech→Tech,76.2,100.0,Placed,7,3
ST_0295,RVCE,1,CSE,8.24,Female,B.E,72.9,58,22,7.6,7,18.4,2,71.0,72,85.1,0.39,No,5,90.8,49.5,8,83.5,4,3,3.9,6,3,2,19,1,4,Same,79.3,100.0,Not Placed,0,0
ST_0296,PESCE,2,Civil,8.45,Female,M.Tech,90.0,72,8,9.2,5,16.1,7,25.0,13,72.2,0.31,Yes,14,99.0,36.4,4,95.5,2,1,8.0,19,0,0,2,0,5,No,77.4,100.0,Not Placed,0,0
ST_0297,NMIT,3,Civil,7.23,Female,B.E,42.3,33,47,3.8,2,17.7,6,40.0,27,40.5,0.44,No,13,87.7,58.2,3,86.5,4,3,0.5,2,2,4,8,1,6,No,62.3,100.0,Not Placed,0,0
ST_0298,PESCE,2,CSE-AI,6.6,Male,B.E,42.9,34,46,6.0,5,8.5,2,49.0,67,74.0,0.09,Yes,6,60.6,53.5,8,71.7,4,2,15.6,15,2,4,18,0,11,No,67.2,100.0,Placed,7,3
ST_0299,NMIT,3,ISE,7.57,Male,B.E,65.4,52,28,4.5,6,10.9,6,16.0,65,70.9,0.42,No,9,81.0,54.9,8,88.7,1,0,8.9,11,1,1,12,1,7,No,89.5,100.0,Not Placed,0,0
ST_0300,BMSCE,2,Civil,6.66,Male,B.Tech,65.4,52,28,6.7,4,11.0,6,63.0,44,72.3,0.24,No,14,77.9,76.7,1,50.2,6,2,3.0,4,1,1,6,0,6,No,37.6,100.0,Placed,6,2
ST_0301,NMIT,3,Civil,8.81,Male,B.Tech,90.2,72,8,8.4,6,13.1,2,55.0,48,94.2,0.25,Yes,9,67.6,63.6,2,81.1,6,4,2.9,17,4,1,19,0,7,Same,76.5,100.0,Placed,5,4
ST_0302,RVCE,1,Civil,7.31,Female,B.E,66.1,52,28,6.7,5,24.5,3,39.0,28,80.5,0.22,No,16,50.6,76.4,11,93.2,1,0,0.7,7,3,5,14,1,9,No,65.3,100.0,Placed,6,3
ST_0303,BMSCE,2,Civil,6.91,Male,B.E,76.5,61,19,5.6,6,12.5,1,42.0,55,50.2,0.78,Yes,18,79.4,91.3,2,49.7,6,5,10.2,11,1,6,18,1,4,Tech→AI,46.2,100.0,Placed,1,2
ST_0304,RVCE,1,ECE,7.35,Male,B.Tech,78.6,62,18,8.2,5,7.0,3,64.0,62,78.8,0.07,No,16,87.8,99.7,4,37.7,5,2,8.8,2,0,2,1,1,10,No,58.7,100.0,Placed,3,2
ST_0305,SJCE,3,ECE,6.12,Female,B.Tech,78.7,62,18,5.4,2,18.8,3,33.0,37,90.8,0.18,Yes,11,93.2,59.5,12,60.7,2,1,6.0,15,0,5,11,2,1,Tech→AI,71.4,100.0,Placed,1,4
ST_0306,MSRIT,1,ISE,6.42,Male,B.E,85.4,68,12,5.3,4,24.4,7,64.0,20,54.0,0.34,Yes,14,81.0,71.6,2,81.4,2,1,0.6,9,0,7,7,0,9,Same,84.5,100.0,Placed,3,4
ST_0307,NMIT,3,CSE,8.16,Male,M.Tech,78.8,63,17,7.6,3,6.2,4,41.0,26,55.2,0.21,Yes,11,59.9,59.2,9,63.7,4,2,1.8,16,1,5,7,1,7,No,60.5,100.0,Placed,6,4
ST_0308,MSRIT,1,Civil,6.67,Male,B.E,50.7,40,40,4.9,7,28.8,4,56.0,61,60.8,0.47,No,8,61.2,80.3,5,86.1,6,3,3.7,9,3,5,12,2,4,Same,87.4,100.0,Placed,7,3
ST_0309,MSRIT,1,CSE-AI,6.36,Male,B.E,66.6,53,27,7.4,6,17.9,3,46.0,66,54.8,0.05,Yes,4,85.1,76.8,1,41.8,5,4,1.9,2,2,7,0,2,10,Same,50.9,100.0,Placed,5,1
ST_0310,NMIT,3,CSE,7.63,Male,M.Tech,90.4,72,8,7.0,5,22.2,5,78.0,75,83.8,0.09,No,3,57.7,50.1,5,64.7,1,0,3.4,1,2,0,9,2,8,Tech→AI,40.5,100.0,Placed,5,3
ST_0311,BMSCE,2,CSE-AI,8.15,Male,B.E,86.1,68,12,5.8,4,25.3,7,32.0,76,84.6,0.04,Yes,11,67.9,52.8,5,17.8,5,1,1.5,13,1,3,8,0,12,Non-tech→Tech,48.0,100.0,Not Placed,0,0
ST_0312,SJCE,3,CSE,7.78,Female,B.Tech,74.4,59,21,7.8,3,21.8,6,36.0,74,90.3,0.38,No,15,60.7,86.9,1,36.2,5,4,2.6,8,1,7,1,0,7,Tech→AI,97.1,100.0,Placed,6,3
ST_0313,RVCE,1,ISE,8.0,Female,B.E,88.6,70,10,7.5,6,14.2,4,22.0,34,77.9,0.04,No,8,61.0,52.1,5,83.3,3,2,6.3,16,2,6,18,1,12,Same,49.7,100.0,Placed,4,4
ST_0314,PESCE,2,Civil,6.59,Male,B.E,64.9,51,29,4.7,4,23.5,3,29.0,27,63.5,0.71,Yes,2,86.7,60.0,5,68.9,4,1,13.4,3,2,0,13,1,2,No,64.6,100.0,Not Placed,0,0
ST_0315,RVCE,1,Civil,6.06,Male,M.Tech,74.6,59,21,7.4,3,16.8,7,56.0,36,79.8,0.52,Yes,2,72.2,74.2,5,52.2,4,3,2.9,14,2,7,9,0,1,Non-tech→Tech,60.6,100.0,Not Placed,0,0
ST_0316,PESCE,2,ME,8.4,Female,B.E,65.6,52,28,6.0,5,22.6,1,69.0,61,83.7,0.05,No,17,68.0,59.0,11,28.2,5,2,7.1,12,0,1,9,1,9,Non-tech→Tech,75.1,100.0,Placed,7,1
ST_0317,RVCE,1,CSE-AI,6.94,Male,B.Tech,90.0,72,8,7.8,1,23.4,5,57.0,13,54.3,0.2,No,16,62.8,89.6,12,83.6,3,2,0.9,18,1,7,7,1,7,No,73.7,100.0,Placed,3,1
ST_0318,NMIT,3,CSE,7.0,Male,B.E,67.4,53,27,5.9,4,7.4,2,45.0,35,64.1,0.32,No,9,45.5,80.6,13,55.6,2,1,4.7,8,1,2,13,1,14,Same,58.9,100.0,Not Placed,0,0
ST_0319,SJCE,3,CSE,8.26,Male,B.E,79.7,63,17,8.1,4,20.6,3,32.0,75,65.6,0.03,Yes,1,79.8,46.1,4,60.2,3,2,15.3,3,0,7,12,0,10,Non-tech→Tech,33.6,100.0,Placed,6,3
ST_0320,PESCE,2,ECE,7.64,Female,B.E,50.2,40,40,6.3,2,13.7,7,58.0,13,75.2,0.35,Yes,10,74.4,51.5,6,78.6,3,1,0.5,7,2,5,5,0,1,Non-tech→Tech,91.1,100.0,Not Placed,0,0
ST_0321,BMSCE,2,ME,7.56,Male,B.Tech,88.1,70,10,8.1,7,16.0,3,31.0,17,76.4,0.32,No,2,86.9,72.6,12,63.9,7,5,1.9,14,0,0,12,0,13,Tech→AI,85.0,100.0,Placed,2,1
ST_0322,RVCE,1,ECE,8.93,Female,B.E,63.8,51,29,4.2,3,15.9,6,25.0,62,85.4,0.15,Yes,1,62.1,61.1,14,69.9,5,2,0.9,13,4,6,2,1,4,No,87.9,100.0,Placed,7,4
ST_0323,RVCE,1,ECE,6.69,Male,B.Tech,71.8,57,23,7.7,2,15.6,5,40.0,7,49.7,0.29,Yes,8,61.1,27.1,11,88.9,3,2,4.6,2,0,4,19,0,5,No,53.3,100.0,Placed,2,1
ST_0324,PESCE,2,ECE,7.94,Female,B.E,82.9,66,14,7.7,3,25.7,4,14.0,39,50.2,0.48,Yes,18,67.8,44.5,4,91.7,3,2,6.8,16,1,6,12,2,5,Tech→AI,49.7,100.0,Placed,6,1
ST_0325,BMSCE,2,CSE-AI,7.25,Female,M.Tech,92.3,73,7,8.3,6,5.4,4,24.0,25,79.5,0.3,No,1,70.1,66.2,10,17.0,4,3,0.5,7,3,5,18,0,14,Non-tech→Tech,85.1,100.0,Not Placed,0,0
ST_0326,BMSCE,2,CSE-AI,7.41,Male,B.E,75.1,60,20,6.0,4,2.9,4,73.0,68,92.8,0.33,No,18,86.6,78.0,0,40.9,5,3,0.5,13,1,6,15,2,14,No,60.3,100.0,Not Placed,0,0
ST_0327,NMIT,3,ISE,8.42,Female,B.Tech,65.7,52,28,7.5,5,1.5,2,21.0,56,71.2,0.28,Yes,1,88.4,78.3,11,65.2,5,4,12.2,12,3,0,3,1,14,No,51.8,100.0,Not Placed,0,0
ST_0328,NMIT,3,ISE,7.61,Male,B.Tech,79.5,63,17,7.7,1,22.5,7,27.0,38,49.2,0.21,Yes,14,61.0,97.3,8,90.7,1,0,3.7,14,2,4,2,0,5,Tech→AI,56.2,100.0,Not Placed,0,0
ST_0329,NMIT,3,ECE,7.63,Female,B.Tech,86.7,69,11,5.7,1,9.6,5,46.0,39,82.3,0.25,Yes,2,64.1,49.6,2,83.7,4,3,3.7,10,4,7,14,1,11,Same,83.8,100.0,Not Placed,0,0
ST_0330,NMIT,3,ME,8.06,Male,B.Tech,85.3,68,12,6.7,4,15.9,5,47.0,19,43.9,0.11,Yes,4,78.9,50.4,1,66.7,4,3,17.4,14,1,0,14,1,3,Same,66.3,100.0,Placed,4,4
ST_0331,NMIT,3,CSE,6.91,Male,B.Tech,85.3,68,12,8.7,6,14.2,4,41.0,10,34.0,0.04,Yes,10,88.6,61.5,9,67.8,4,1,2.3,11,0,7,17,1,5,No,53.9,100.0,Not Placed,0,0
ST_0332,NMIT,3,CSE-AI,6.53,Female,B.Tech,65.3,52,28,4.1,6,8.8,4,15.0,36,25.2,0.33,No,6,89.5,31.8,5,48.1,3,2,13.6,8,1,0,6,1,4,Tech→AI,65.8,100.0,Placed,6,1
ST_0333,SJCE,3,ME,6.36,Male,B.E,89.0,71,9,9.2,2,21.0,6,58.0,56,67.2,0.08,Yes,5,92.6,61.9,7,59.7,8,5,22.0,14,2,7,19,1,5,Same,81.2,100.0,Placed,1,3
ST_0334,BMSCE,2,Civil,5.63,Male,B.E,84.8,67,13,7.8,5,14.1,1,38.0,32,39.1,0.1,Yes,13,96.3,58.5,1,65.8,2,1,1.7,0,1,5,4,1,7,Non-tech→Tech,70.3,100.0,Not Placed,0,0
ST_0335,NMIT,3,CSE-AI,8.84,Female,M.Tech,81.9,65,15,7.4,7,13.3,1,63.0,68,56.3,0.42,No,0,0.0,76.3,3,92.2,3,2,4.3,11,0,7,7,1,5,Same,73.2,100.0,Not Placed,0,0
ST_0336,BMSCE,2,CSE-AI,6.32,Male,B.Tech,76.9,61,19,5.7,4,16.6,3,35.0,23,77.2,0.28,Yes,16,55.9,79.3,1,60.8,4,2,4.6,5,0,0,9,1,14,Same,79.2,100.0,Placed,4,3
ST_0337,BMSCE,2,ISE,7.02,Male,B.Tech,80.7,64,16,5.8,6,20.0,3,60.0,19,71.3,0.35,No,16,79.6,68.4,11,76.3,6,4,12.1,0,1,1,0,0,14,No,90.6,100.0,Not Placed,0,0
ST_0338,MSRIT,1,CSE,6.98,Female,B.E,80.8,64,16,8.6,2,8.3,5,64.0,10,77.7,0.07,Yes,13,89.2,62.1,11,78.3,2,1,2.2,18,2,6,10,2,14,No,75.2,100.0,Placed,4,3
ST_0339,SJCE,3,CSE,7.45,Female,B.E,74.5,59,21,5.7,7,21.1,5,38.0,77,73.2,0.24,Yes,9,57.6,68.6,8,90.0,4,2,9.6,12,0,4,2,2,8,No,51.7,100.0,Not Placed,0,0
ST_0340,NMIT,3,Civil,7.85,Male,B.E,46.0,36,44,5.9,6,25.1,2,58.0,42,62.2,0.43,No,7,67.6,47.7,9,61.7,6,3,21.2,5,1,7,2,3,8,No,66.4,100.0,Not Placed,0,0
ST_0341,RVCE,1,Civil,7.89,Male,B.Tech,42.6,34,46,4.1,7,5.0,2,25.0,30,92.0,0.69,No,7,62.1,60.5,12,85.4,1,0,11.0,16,0,2,14,0,3,Same,77.5,100.0,Placed,7,3
ST_0342,PESCE,2,CSE-AI,6.73,Female,B.E,81.5,65,15,5.4,5,16.9,1,49.0,55,75.1,0.26,Yes,13,64.0,62.3,14,57.3,4,3,14.4,12,2,3,16,2,5,Same,48.0,100.0,Not Placed,0,0
ST_0343,RVCE,1,ECE,7.07,Female,B.E,51.7,41,39,3.1,4,12.9,3,63.0,77,84.5,0.14,No,6,84.6,60.6,1,64.5,3,2,7.4,8,3,6,17,2,12,No,59.0,100.0,Placed,1,2
ST_0344,SJCE,3,ISE,7.43,Male,B.E,72.8,58,22,6.5,7,19.9,1,53.0,57,57.5,0.37,No,5,86.9,58.9,9,84.5,3,1,14.1,7,1,5,7,1,4,Tech→AI,78.7,100.0,Placed,3,4
ST_0345,PESCE,2,ISE,7.0,Female,B.E,85.5,68,12,9.0,3,6.5,1,81.0,60,50.0,0.17,Yes,3,71.0,50.8,1,78.1,4,2,1.1,14,0,4,12,1,14,Tech→AI,91.9,100.0,Not Placed,0,0
ST_0346,SJCE,3,CSE-AI,8.49,Male,B.E,85.1,68,12,6.6,4,26.4,3,54.0,63,81.3,0.18,Yes,0,0.0,43.5,13,94.8,8,3,7.5,17,0,1,9,3,14,Non-tech→Tech,63.5,100.0,Placed,4,4
ST_0347,BMSCE,2,ME,7.59,Male,B.E,79.6,63,17,6.2,5,3.7,7,40.0,74,67.7,0.51,No,14,85.7,58.3,12,80.4,6,5,7.9,1,1,4,2,3,5,Tech→AI,94.8,100.0,Placed,6,4
ST_0348,PESCE,2,ECE,7.79,Male,B.Tech,72.0,57,23,5.7,6,13.3,2,88.0,62,80.7,0.09,Yes,14,38.5,72.7,4,57.3,3,2,3.5,1,1,2,19,1,8,Same,66.6,100.0,Placed,6,3
ST_0349,BMSCE,2,CSE-AI,7.73,Male,B.E,62.1,49,31,5.8,7,18.0,6,70.0,17,69.4,0.17,No,0,0.0,30.7,11,63.2,4,2,0.5,10,1,5,13,1,4,No,97.4,100.0,Placed,1,1
ST_0350,RVCE,1,ECE,8.14,Male,B.E,98.0,78,2,7.6,3,10.2,6,21.0,47,46.7,0.24,No,19,92.2,53.0,4,67.1,2,0,5.8,0,4,4,12,2,5,No,68.9,100.0,Placed,6,2
ST_0351,RVCE,1,ECE,7.34,Female,B.E,82.9,66,14,8.5,6,9.1,6,33.0,55,75.0,0.14,No,2,85.9,99.2,11,96.1,2,1,0.5,17,4,6,2,0,7,No,92.1,100.0,Placed,3,3
ST_0352,PESCE,2,ECE,6.16,Female,B.E,96.4,77,3,7.8,5,16.6,3,29.0,23,39.7,0.2,Yes,4,85.0,58.5,6,88.6,6,5,2.9,6,0,1,12,0,3,Non-tech→Tech,80.8,100.0,Not Placed,0,0
ST_0353,PESCE,2,CSE-AI,7.52,Female,B.E,56.3,45,35,5.4,2,15.5,4,55.0,25,14.0,0.17,Yes,4,87.9,64.7,0,61.7,2,1,3.0,16,0,5,19,3,13,Non-tech→Tech,59.5,100.0,Placed,3,2
ST_0354,NMIT,3,ISE,6.68,Female,B.E,46.4,37,43,3.3,4,15.0,4,54.0,28,89.7,0.42,No,3,84.6,95.1,11,69.7,5,4,41.0,15,1,1,8,2,6,Non-tech→Tech,91.2,100.0,Placed,5,3
ST_0355,SJCE,3,ISE,6.78,Male,B.Tech,67.4,53,27,8.0,3,21.0,4,53.0,30,73.0,0.6,Yes,16,42.7,67.7,1,75.3,2,1,2.1,6,1,5,15,3,9,Tech→AI,79.1,100.0,Not Placed,0,0
ST_0356,NMIT,3,ECE,7.67,Male,B.E,79.3,63,17,5.8,4,12.2,5,21.0,49,55.0,0.25,Yes,19,61.5,68.2,10,71.2,3,2,10.3,6,1,3,7,1,11,Tech→AI,76.7,100.0,Not Placed,0,0
ST_0357,SJCE,3,ME,8.19,Male,B.Tech,79.5,63,17,5.1,7,17.2,2,35.0,32,84.8,0.2,Yes,13,38.1,45.6,10,57.4,10,8,0.5,1,2,2,11,1,4,Non-tech→Tech,82.8,100.0,Placed,1,4
ST_0358,NMIT,3,CSE,7.22,Male,B.Tech,62.4,49,31,6.4,5,11.5,2,43.0,33,62.7,0.18,Yes,7,94.1,67.6,5,63.0,3,1,4.5,4,0,3,11,3,4,Non-tech→Tech,73.6,100.0,Placed,3,1
ST_0359,BMSCE,2,CSE-AI,7.45,Female,B.Tech,86.6,69,11,7.6,5,9.1,7,18.0,21,59.0,0.11,No,1,83.5,61.7,1,58.3,4,2,4.6,13,3,6,18,1,6,Same,81.1,100.0,Placed,3,1
ST_0360,PESCE,2,CSE,8.56,Male,B.E,62.4,49,31,5.4,7,13.0,7,32.0,72,93.4,0.36,Yes,7,78.5,78.6,3,52.0,4,2,5.9,7,2,6,16,2,6,Same,84.6,100.0,Placed,5,2
ST_0361,RVCE,1,ME,7.39,Male,B.E,54.0,43,37,4.9,4,11.5,5,65.0,48,95.7,0.6,No,0,0.0,85.0,9,65.0,7,4,10.0,11,5,6,14,1,3,No,54.9,100.0,Placed,7,4
ST_0362,SJCE,3,CSE-AI,9.28,Female,B.E,55.2,44,36,6.5,6,11.9,1,22.0,65,71.5,0.29,Yes,3,85.1,62.5,5,71.9,11,5,8.6,6,2,0,17,0,14,Non-tech→Tech,86.1,100.0,Placed,6,4
ST_0363,SJCE,3,ECE,7.65,Female,B.E,72.9,58,22,5.2,4,23.2,7,67.0,72,99.4,0.36,No,18,58.3,68.9,12,72.9,2,1,8.6,5,2,6,6,0,1,Same,57.6,100.0,Placed,5,3
ST_0364,RVCE,1,ISE,5.79,Female,M.Tech,69.3,55,25,7.4,6,13.2,6,61.0,78,65.3,0.42,Yes,4,93.2,28.0,11,66.6,6,3,3.4,12,0,1,12,1,3,No,45.9,100.0,Not Placed,0,0
ST_0365,NMIT,3,CSE,7.8,Female,B.E,85.6,68,12,7.7,3,10.4,4,41.0,29,95.8,0.33,No,4,89.0,21.8,6,85.9,8,6,7.8,11,2,3,18,1,8,Non-tech→Tech,78.2,100.0,Placed,7,3
ST_0366,SJCE,3,Civil,7.5,Male,B.E,48.1,38,42,4.6,7,15.2,6,35.0,71,96.0,0.45,No,19,93.5,81.7,9,87.9,4,2,4.1,16,0,1,15,0,8,Non-tech→Tech,23.5,100.0,Placed,3,4
ST_0367,BMSCE,2,Civil,8.23,Male,B.Tech,60.9,48,32,5.5,3,15.7,4,57.0,6,57.4,0.42,Yes,18,74.0,17.1,4,48.5,4,1,0.5,15,2,5,10,1,6,No,96.1,100.0,Placed,1,2
ST_0368,PESCE,2,ME,7.74,Female,B.Tech,71.5,57,23,5.3,4,6.7,6,33.0,53,63.7,0.07,No,11,86.8,67.9,7,41.8,2,1,13.3,0,0,7,4,1,7,No,58.7,100.0,Not Placed,0,0
ST_0369,RVCE,1,ECE,7.09,Male,B.E,86.3,69,11,8.2,6,12.9,1,34.0,74,90.8,0.31,Yes,19,81.1,58.9,5,46.0,5,2,13.3,6,0,1,1,2,2,Non-tech→Tech,64.6,100.0,Placed,4,1
ST_0370,PESCE,2,CSE,6.22,Male,B.E,81.2,64,16,6.9,4,12.6,6,45.0,30,95.4,0.26,No,0,0.0,84.2,4,65.1,4,2,2.3,2,0,0,0,0,9,Tech→AI,79.4,100.0,Placed,5,3
ST_0371,SJCE,3,ECE,7.03,Male,B.E,90.3,72,8,6.7,5,13.8,6,13.0,76,38.8,0.13,No,6,65.9,61.4,3,65.5,3,2,14.7,5,0,1,15,1,3,Same,70.4,100.0,Placed,3,2
ST_0372,SJCE,3,CSE,6.52,Female,B.E,56.4,45,35,5.8,4,20.1,3,23.0,31,89.0,0.14,No,16,65.8,94.4,5,74.1,5,3,8.5,2,1,5,4,0,2,Same,71.7,100.0,Placed,1,4
ST_0373,RVCE,1,ME,6.74,Male,B.E,90.1,72,8,9.4,5,16.0,6,40.0,22,86.8,0.31,No,1,92.1,58.3,5,86.3,8,6,3.1,2,5,7,6,0,5,No,88.9,100.0,Placed,6,3
ST_0374,BMSCE,2,ME,7.67,Female,B.E,72.6,58,22,6.1,3,23.6,3,52.0,58,90.7,0.18,Yes,10,67.1,82.6,5,32.8,4,3,2.4,7,1,5,8,0,1,No,37.5,100.0,Placed,6,1
ST_0375,MSRIT,1,Civil,8.54,Male,B.E,71.3,57,23,8.0,2,14.9,2,33.0,5,74.7,0.25,Yes,6,83.2,35.0,0,85.6,4,2,22.2,13,2,3,3,1,5,Tech→AI,80.0,100.0,Placed,3,4
ST_0376,RVCE,1,ECE,7.52,Male,B.E,55.8,44,36,4.7,3,27.4,5,42.0,65,82.3,0.42,Yes,16,95.8,20.6,5,87.4,3,2,7.5,8,0,6,18,0,10,Tech→AI,59.3,100.0,Not Placed,0,0
ST_0377,MSRIT,1,CSE-AI,6.24,Male,B.E,94.2,75,5,5.9,4,11.8,6,21.0,7,59.9,0.1,Yes,2,62.3,61.5,0,83.2,4,2,2.9,4,1,2,19,0,4,Non-tech→Tech,83.1,100.0,Placed,5,1
ST_0378,NMIT,3,Civil,7.56,Female,B.E,59.0,47,33,4.4,3,9.6,2,59.0,72,73.7,0.24,No,5,80.2,36.8,4,94.9,3,2,6.2,14,0,4,14,0,12,No,93.2,100.0,Placed,2,4
ST_0379,MSRIT,1,ECE,8.16,Male,B.E,66.5,53,27,5.7,4,18.8,7,48.0,45,79.8,0.15,Yes,10,55.6,60.9,6,37.4,5,4,5.1,16,0,7,6,3,6,No,91.0,100.0,Placed,5,1
ST_0380,BMSCE,2,Civil,6.71,Female,B.Tech,64.6,51,29,4.8,4,24.5,7,50.0,41,34.3,0.43,No,17,83.3,54.6,0,56.3,5,3,4.5,9,0,3,17,3,12,Non-tech→Tech,64.6,100.0,Placed,3,2
ST_0381,NMIT,3,CSE-AI,7.09,Female,B.Tech,77.9,62,18,4.7,2,5.3,3,52.0,55,78.7,0.17,Yes,17,88.2,72.9,12,79.3,3,2,6.2,7,1,7,4,0,5,No,43.7,100.0,Placed,7,3
ST_0382,MSRIT,1,ISE,7.21,Female,B.E,52.0,41,39,6.8,5,13.6,6,46.0,19,80.7,0.48,Yes,9,46.0,42.8,0,60.0,2,1,4.6,17,0,0,12,1,9,Same,72.1,100.0,Not Placed,0,0
ST_0383,NMIT,3,ISE,6.57,Male,B.E,89.5,71,9,8.7,6,10.7,6,38.0,12,52.5,0.34,No,4,76.8,69.6,12,85.3,6,3,6.4,5,4,4,2,3,5,No,45.9,100.0,Placed,1,4
ST_0384,MSRIT,1,ISE,7.72,Male,B.E,69.4,55,25,7.1,3,16.0,1,62.0,42,93.8,0.38,Yes,14,68.6,77.6,12,59.4,9,4,14.3,16,1,1,5,0,13,Same,74.0,100.0,Placed,1,2
ST_0385,BMSCE,2,ISE,7.1,Male,B.Tech,95.2,76,4,6.4,5,15.1,2,47.0,60,74.1,0.43,No,19,13.1,58.3,14,79.2,2,1,30.0,3,3,3,11,0,8,Same,52.3,100.0,Placed,2,1
ST_0386,MSRIT,1,CSE,7.54,Male,B.Tech,71.9,57,23,4.8,5,24.4,4,43.0,51,71.4,0.24,Yes,3,43.5,70.6,5,63.9,4,3,7.4,14,5,4,17,0,12,Non-tech→Tech,43.0,100.0,Placed,6,1
ST_0387,MSRIT,1,ISE,6.49,Female,B.E,80.9,64,16,5.1,4,14.2,4,45.0,14,83.8,0.09,No,0,0.0,44.4,14,70.0,2,1,15.8,9,2,6,17,3,13,Tech→AI,61.9,100.0,Placed,3,1
ST_0388,MSRIT,1,CSE-AI,6.85,Female,M.Tech,57.1,45,35,6.3,5,24.6,1,45.0,53,69.5,0.11,Yes,14,83.2,55.1,6,85.0,5,3,11.7,12,4,6,3,2,2,Tech→AI,61.2,100.0,Not Placed,0,0
ST_0389,RVCE,1,ME,7.78,Female,B.E,88.9,71,9,9.0,4,12.8,3,42.0,45,92.0,0.45,Yes,16,70.5,37.8,5,87.3,4,2,2.1,0,0,3,19,0,3,No,43.1,100.0,Placed,4,4
ST_0390,RVCE,1,ME,6.9,Male,B.E,95.1,76,4,7.4,5,21.5,4,52.0,34,83.0,0.16,No,18,78.1,100.0,4,93.5,6,3,16.2,8,3,6,13,0,3,Non-tech→Tech,49.1,100.0,Placed,1,1
ST_0391,RVCE,1,CSE,8.58,Female,B.Tech,30.0,24,56,2.3,1,16.6,4,31.0,9,69.9,0.31,No,13,73.5,84.1,5,38.2,4,2,0.5,4,0,1,13,3,3,Tech→AI,83.6,100.0,Not Placed,0,0
ST_0392,BMSCE,2,ISE,6.88,Male,B.Tech,75.5,60,20,6.6,5,27.1,7,32.0,75,54.7,0.51,Yes,18,85.5,91.9,12,64.4,10,8,2.4,10,1,5,0,1,6,Tech→AI,74.3,100.0,Placed,7,3
ST_0393,NMIT,3,ISE,7.38,Female,B.Tech,68.7,54,26,5.5,5,4.7,7,53.0,35,81.3,0.23,Yes,17,81.0,83.9,13,85.6,3,2,6.1,3,2,3,10,1,7,Tech→AI,71.2,100.0,Placed,2,2
ST_0394,SJCE,3,ISE,7.95,Male,B.Tech,53.4,42,38,4.7,1,6.9,5,43.0,56,40.3,0.22,Yes,1,90.9,50.1,2,80.3,5,2,4.5,19,4,0,8,0,7,Non-tech→Tech,77.9,100.0,Placed,4,2
ST_0395,MSRIT,1,Civil,6.07,Male,B.E,67.5,54,26,6.5,4,27.8,2,60.0,27,88.7,0.33,Yes,5,93.6,34.4,8,63.9,4,3,4.7,15,4,4,17,2,12,Non-tech→Tech,45.1,100.0,Not Placed,0,0
ST_0396,MSRIT,1,ECE,5.79,Female,B.Tech,67.1,53,27,6.9,7,9.9,3,51.0,52,88.8,0.17,No,12,86.9,54.4,14,92.4,3,2,9.5,17,0,4,4,0,7,Non-tech→Tech,86.0,100.0,Not Placed,0,0
ST_0397,BMSCE,2,Civil,5.98,Female,B.E,64.0,51,29,4.3,4,10.3,6,37.0,44,59.4,0.6,No,16,84.9,70.6,4,75.7,4,2,1.3,7,1,4,9,2,12,Non-tech→Tech,84.8,100.0,Placed,5,3
ST_0398,MSRIT,1,ECE,8.21,Female,B.Tech,85.8,68,12,5.3,5,8.9,2,54.0,10,44.6,0.1,Yes,5,69.1,56.8,1,84.6,4,1,24.1,1,2,3,14,0,3,Tech→AI,89.6,100.0,Placed,6,1
ST_0399,RVCE,1,ISE,6.76,Female,B.E,71.6,57,23,8.3,7,23.0,3,63.0,42,77.1,0.59,Yes,4,92.2,21.8,13,75.8,4,2,3.5,16,2,1,9,0,1,Same,45.4,100.0,Placed,7,2
ST_0400,SJCE,3,ISE,9.25,Male,B.Tech,92.4,73,7,6.5,5,6.2,4,52.0,45,24.5,0.09,No,6,78.3,75.4,13,83.6,2,1,18.0,9,0,3,15,1,6,Tech→AI,73.4,100.0,Placed,1,2
ST_0401,PESCE,2,Civil,6.75,Female,B.E,67.6,54,26,4.3,5,15.2,5,55.0,31,82.0,0.71,Yes,0,0.0,33.2,11,59.3,0,0,2.9,12,1,3,3,2,3,Tech→AI,88.2,100.0,Placed,7,2
ST_0402,MSRIT,1,Civil,7.35,Female,B.Tech,80.6,64,16,5.6,6,13.1,2,42.0,79,81.3,0.1,No,12,76.2,54.4,9,78.9,4,1,5.5,14,3,6,3,1,13,Tech→AI,83.1,100.0,Placed,5,4
ST_0403,RVCE,1,ECE,8.43,Female,B.E,49.8,39,41,3.1,6,22.3,4,60.0,73,53.6,0.37,Yes,18,97.4,93.4,9,91.9,3,1,3.6,8,2,5,7,0,3,Tech→AI,83.4,100.0,Placed,2,3
ST_0404,PESCE,2,ME,8.8,Male,B.Tech,65.4,52,28,5.5,4,11.1,3,36.0,61,69.1,0.19,No,0,0.0,62.9,6,71.3,5,3,6.8,7,1,4,5,1,3,Tech→AI,54.6,100.0,Placed,1,1
ST_0405,SJCE,3,ECE,8.85,Male,B.E,51.7,41,39,6.3,4,17.9,2,50.0,21,71.5,0.15,Yes,12,92.0,81.4,2,37.2,4,2,1.2,5,2,1,10,1,9,No,99.9,100.0,Placed,4,4
ST_0406,PESCE,2,Civil,8.17,Female,B.E,72.5,58,22,5.7,4,6.8,6,84.0,75,67.6,0.43,No,10,92.1,68.2,0,67.1,3,1,3.1,3,1,2,12,2,12,Same,91.9,100.0,Not Placed,0,0
ST_0407,RVCE,1,CSE-AI,8.02,Male,B.E,80.7,64,16,6.6,7,30.9,2,53.0,51,74.0,0.09,Yes,6,69.1,43.8,2,62.1,4,1,0.5,17,4,7,18,1,4,No,81.7,100.0,Not Placed,0,0
ST_0408,NMIT,3,Civil,7.67,Female,B.E,67.1,53,27,6.7,5,13.3,4,39.0,17,72.6,0.48,Yes,19,83.7,75.1,8,57.0,4,3,5.5,2,1,1,10,0,5,Non-tech→Tech,75.7,100.0,Not Placed,0,0
ST_0409,NMIT,3,CSE-AI,7.82,Male,B.Tech,46.2,36,44,4.8,2,15.1,2,39.0,15,50.6,0.43,No,2,28.3,60.9,4,63.2,1,0,19.7,3,1,6,1,1,3,No,79.1,100.0,Placed,6,1
ST_0410,PESCE,2,CSE,6.76,Male,B.E,66.3,53,27,7.4,6,26.6,6,44.0,28,60.7,0.38,Yes,0,0.0,35.3,6,61.7,4,3,0.5,12,3,3,2,1,10,No,51.5,100.0,Placed,3,3
ST_0411,BMSCE,2,Civil,6.55,Male,M.Tech,74.2,59,21,7.9,4,10.9,5,58.0,77,64.7,0.15,Yes,7,46.9,32.2,2,60.0,3,2,6.5,19,0,0,14,3,13,Tech→AI,59.3,100.0,Placed,7,3
ST_0412,PESCE,2,CSE,7.2,Male,B.E,52.1,41,39,3.2,2,26.7,5,47.0,8,67.1,0.48,Yes,16,94.3,68.9,3,83.1,3,1,9.0,10,4,1,12,1,12,Non-tech→Tech,74.9,100.0,Placed,3,4
ST_0413,MSRIT,1,ME,7.06,Female,B.E,72.7,58,22,7.5,5,12.1,4,35.0,50,66.1,0.05,Yes,12,52.8,100.0,0,71.2,6,1,1.4,7,2,4,9,1,1,Same,97.6,100.0,Placed,3,2
ST_0414,MSRIT,1,ECE,6.84,Female,B.Tech,48.7,38,42,4.8,4,19.7,3,35.0,22,94.5,0.27,No,13,91.2,42.6,2,78.3,3,1,1.9,13,4,0,4,1,12,No,66.6,100.0,Placed,7,4
ST_0415,NMIT,3,CSE-AI,7.76,Female,B.Tech,66.0,52,28,7.9,6,11.0,4,47.0,47,81.7,0.2,No,4,75.6,44.8,6,58.2,4,3,1.4,13,0,2,10,1,4,No,86.2,100.0,Placed,7,1
ST_0416,BMSCE,2,ECE,7.96,Male,B.E,73.4,58,22,6.3,3,5.5,5,46.0,37,74.4,0.33,Yes,5,51.5,69.2,3,45.5,3,2,2.1,15,2,2,13,1,1,No,93.3,100.0,Placed,7,3
ST_0417,RVCE,1,CSE,7.27,Female,B.E,60.2,48,32,7.6,6,17.9,1,52.0,14,66.1,0.41,No,5,76.7,38.3,14,47.3,4,1,0.7,13,3,7,19,1,11,Tech→AI,95.3,100.0,Placed,2,3
ST_0418,MSRIT,1,CSE-AI,8.38,Female,B.Tech,82.3,65,15,8.0,5,19.5,1,59.0,77,79.3,0.15,Yes,7,80.1,100.0,1,71.4,7,4,2.8,0,2,0,14,2,11,Same,96.0,100.0,Placed,2,3
ST_0419,NMIT,3,ECE,6.29,Female,B.E,30.0,24,56,2.8,2,5.8,2,86.0,63,78.2,0.5,No,12,80.0,46.4,13,52.8,5,1,2.8,1,0,6,12,1,7,Non-tech→Tech,96.1,100.0,Placed,3,3
ST_0420,SJCE,3,Civil,7.05,Male,M.Tech,73.4,58,22,6.6,7,12.9,6,23.0,35,61.9,0.13,Yes,17,59.8,53.0,4,70.3,4,3,9.9,19,0,2,2,0,7,Non-tech→Tech,80.0,100.0,Placed,4,1
ST_0421,NMIT,3,ISE,6.63,Male,M.Tech,67.3,53,27,8.0,5,23.4,7,55.0,32,65.0,0.15,No,3,80.9,47.5,14,47.4,4,2,9.7,0,1,0,8,0,4,Same,76.6,100.0,Placed,5,3
ST_0422,MSRIT,1,CSE,5.71,Male,B.Tech,81.1,64,16,8.3,3,19.2,7,46.0,64,37.8,0.44,Yes,16,82.4,78.8,4,79.6,4,2,9.6,10,1,3,7,1,5,No,96.1,100.0,Not Placed,0,0
ST_0423,MSRIT,1,ECE,7.13,Female,B.E,81.6,65,15,5.3,4,12.2,7,17.0,7,78.9,0.25,Yes,4,91.9,100.0,14,99.6,7,5,5.0,5,2,0,14,0,10,Non-tech→Tech,64.6,100.0,Placed,7,3
ST_0424,NMIT,3,CSE,7.1,Female,B.Tech,78.5,62,18,7.5,6,10.8,2,64.0,59,79.1,0.27,Yes,2,70.4,49.3,1,49.5,6,3,2.4,14,1,3,0,1,7,Non-tech→Tech,85.9,100.0,Not Placed,0,0
ST_0425,RVCE,1,CSE,8.41,Female,B.E,85.4,68,12,6.5,4,28.6,1,51.0,18,51.2,0.11,Yes,3,68.9,77.6,14,49.8,2,1,3.2,11,3,7,1,1,13,No,52.0,100.0,Placed,3,2
ST_0426,PESCE,2,CSE-AI,7.7,Male,B.E,38.9,31,49,2.4,3,4.9,5,57.0,62,50.3,0.41,No,4,58.0,38.5,14,74.3,7,5,2.3,4,1,6,8,1,6,No,36.9,100.0,Placed,5,2
ST_0427,MSRIT,1,CSE-AI,6.38,Male,B.E,57.7,46,34,5.1,2,14.6,2,20.0,19,31.5,0.25,Yes,13,56.0,79.3,10,81.7,4,3,5.2,11,0,4,16,2,13,No,68.1,100.0,Placed,2,3
ST_0428,NMIT,3,ISE,8.68,Female,B.E,59.9,47,33,4.5,3,4.7,7,42.0,6,70.2,0.13,No,14,76.6,93.7,5,42.7,2,1,16.7,13,0,4,8,1,4,Same,84.6,100.0,Not Placed,0,0
ST_0429,NMIT,3,Civil,8.18,Male,B.Tech,90.4,72,8,8.7,6,24.2,7,29.0,28,83.8,0.41,Yes,19,93.6,88.1,9,48.7,6,4,2.0,13,2,2,0,3,4,Tech→AI,62.2,100.0,Placed,1,1
ST_0430,BMSCE,2,CSE,7.67,Male,B.Tech,79.0,63,17,6.1,4,15.0,4,77.0,68,30.5,0.11,No,16,84.6,64.4,3,51.6,6,4,3.7,18,1,5,7,1,2,Same,63.9,100.0,Placed,5,3
ST_0431,PESCE,2,ECE,7.02,Male,B.Tech,45.0,36,44,6.0,3,16.2,7,62.0,75,66.6,0.42,No,5,77.3,43.4,13,69.1,2,1,6.4,4,1,5,4,1,10,Tech→AI,81.6,100.0,Placed,4,1
ST_0432,SJCE,3,ME,6.43,Male,B.E,76.4,61,19,4.6,3,34.4,6,35.0,28,67.7,0.03,No,9,47.7,62.0,0,38.3,4,3,11.2,2,2,0,10,0,2,Tech→AI,90.3,100.0,Placed,5,2
ST_0433,RVCE,1,CSE,6.9,Female,B.E,74.6,59,21,5.7,4,10.8,7,22.0,31,59.4,0.26,No,15,74.2,56.4,2,57.6,1,0,1.8,17,1,6,5,1,12,Tech→AI,64.7,100.0,Placed,4,2
ST_0434,SJCE,3,CSE,8.07,Male,B.E,67.6,54,26,5.0,7,27.2,4,48.0,41,80.6,0.68,No,16,75.9,54.0,13,79.4,6,5,2.0,5,5,7,16,0,4,Same,90.0,100.0,Placed,7,3
ST_0435,PESCE,2,ISE,8.71,Male,M.Tech,44.9,35,45,3.6,4,12.3,7,61.0,43,35.8,0.29,Yes,13,96.4,65.7,8,29.4,7,2,13.0,8,4,3,17,1,5,No,83.8,100.0,Placed,6,2
ST_0436,PESCE,2,Civil,8.43,Male,B.E,56.4,45,35,3.7,7,13.4,6,19.0,67,74.1,0.09,No,19,81.6,60.8,9,84.4,4,2,0.5,6,0,4,17,1,4,Non-tech→Tech,74.5,100.0,Placed,4,3
ST_0437,PESCE,2,ME,6.81,Male,B.Tech,92.1,73,7,6.3,4,33.5,5,31.0,30,36.8,0.23,Yes,11,89.2,74.7,6,28.4,3,1,5.6,17,3,6,4,1,14,Tech→AI,80.5,100.0,Placed,1,3
ST_0438,SJCE,3,CSE-AI,6.3,Female,B.E,96.6,77,3,8.0,3,13.9,2,28.0,69,80.9,0.15,Yes,8,67.6,74.9,12,58.3,3,1,11.8,1,2,4,4,0,3,Same,63.2,100.0,Placed,2,4
ST_0439,PESCE,2,CSE-AI,7.31,Female,B.E,69.0,55,25,5.3,6,5.4,6,58.0,8,54.1,0.33,Yes,14,82.3,60.9,5,65.9,5,1,15.3,19,1,4,18,1,11,Same,69.7,100.0,Placed,3,4
ST_0440,NMIT,3,ECE,5.79,Male,B.Tech,75.6,60,20,6.2,4,17.0,4,39.0,33,32.9,0.16,No,11,67.4,69.8,13,58.3,2,1,0.5,9,1,2,12,1,2,Tech→AI,97.2,100.0,Not Placed,0,0
ST_0441,SJCE,3,ME,7.46,Male,B.E,74.8,59,21,6.0,5,13.8,2,40.0,5,45.9,0.31,Yes,13,75.2,85.8,0,69.8,0,0,2.8,11,3,4,6,1,4,No,76.2,100.0,Placed,2,1
ST_0442,PESCE,2,CSE-AI,7.08,Male,B.Tech,67.3,53,27,7.5,7,17.6,2,48.0,54,85.1,0.45,Yes,17,68.3,52.4,8,48.7,6,4,1.8,1,4,7,13,3,14,No,74.8,100.0,Placed,3,2
ST_0443,NMIT,3,ECE,6.83,Male,M.Tech,64.1,51,29,7.5,2,14.1,4,32.0,15,60.3,0.24,Yes,19,44.6,62.3,12,82.7,5,1,5.0,12,1,5,7,2,11,Same,66.8,100.0,Placed,6,2
ST_0444,BMSCE,2,Civil,5.92,Male,B.E,49.1,39,41,4.9,2,30.5,1,23.0,78,74.8,0.16,No,5,59.3,43.5,8,46.4,4,2,6.0,7,0,7,2,0,5,Non-tech→Tech,60.1,100.0,Not Placed,0,0
ST_0445,PESCE,2,ECE,7.61,Male,B.E,88.5,70,10,6.6,5,18.9,7,66.0,63,23.7,0.25,Yes,3,45.5,70.6,0,51.5,3,2,48.0,6,2,1,3,1,1,No,56.5,100.0,Placed,7,3
ST_0446,SJCE,3,CSE-AI,6.77,Female,B.E,44.3,35,45,3.1,3,7.5,6,67.0,66,56.7,0.4,Yes,11,80.4,65.6,13,54.5,2,1,4.3,2,0,2,9,1,13,Same,32.3,100.0,Not Placed,0,0
ST_0447,MSRIT,1,ISE,6.26,Male,M.Tech,95.5,76,4,9.5,3,15.9,4,48.0,40,65.3,0.42,Yes,12,70.1,70.3,12,88.9,2,1,4.8,7,2,0,3,2,1,No,68.3,100.0,Placed,6,3
ST_0448,PESCE,2,ISE,5.0,Female,B.E,32.8,26,54,2.2,1,9.4,5,49.0,60,55.4,0.41,No,18,69.0,44.2,12,62.8,4,1,3.2,0,3,1,17,2,6,Tech→AI,90.7,100.0,Placed,7,3
ST_0449,MSRIT,1,ISE,7.18,Female,B.Tech,93.3,74,6,6.8,1,13.3,3,64.0,25,70.2,0.22,No,12,91.1,75.8,14,64.8,4,3,1.0,14,1,2,11,0,5,Tech→AI,52.3,100.0,Not Placed,0,0
ST_0450,NMIT,3,CSE-AI,8.62,Male,B.Tech,61.4,49,31,4.9,6,8.6,4,47.0,17,90.0,0.2,No,11,76.5,63.8,5,66.6,4,3,2.2,0,0,6,19,2,11,No,90.4,100.0,Not Placed,0,0
ST_0451,BMSCE,2,ISE,8.53,Female,B.Tech,35.7,28,52,3.4,2,29.7,7,39.0,13,47.0,0.47,No,19,90.5,80.5,6,75.0,6,1,1.7,11,2,2,19,0,4,Non-tech→Tech,84.0,100.0,Placed,7,4
ST_0452,RVCE,1,ME,6.83,Female,B.E,86.5,69,11,5.8,4,10.2,7,46.0,15,62.5,0.3,Yes,2,64.7,54.1,1,55.1,5,3,9.7,10,1,7,14,2,1,No,33.0,100.0,Not Placed,0,0
ST_0453,BMSCE,2,Civil,6.72,Female,B.Tech,74.5,59,21,7.6,5,19.8,2,66.0,79,42.5,0.39,No,2,80.5,74.3,9,67.2,2,1,4.7,15,0,3,12,0,12,Tech→AI,26.9,100.0,Placed,3,2
ST_0454,PESCE,2,ECE,7.58,Female,M.Tech,74.7,59,21,5.0,4,12.7,2,46.0,74,48.7,0.6,Yes,13,66.3,70.0,7,38.7,3,2,2.1,3,2,1,11,0,14,Non-tech→Tech,40.4,100.0,Placed,2,1
ST_0455,MSRIT,1,ECE,6.4,Female,B.E,76.9,61,19,7.2,1,6.9,4,35.0,5,59.8,0.19,Yes,17,76.6,89.4,7,73.5,6,5,4.0,1,4,1,7,2,7,No,86.5,100.0,Not Placed,0,0
ST_0456,MSRIT,1,CSE-AI,7.44,Female,B.E,70.7,56,24,4.7,6,16.4,3,47.0,74,90.4,0.52,Yes,18,63.3,59.9,5,72.5,3,2,1.5,2,2,7,8,1,4,Same,82.1,100.0,Placed,1,1
ST_0457,SJCE,3,ISE,7.81,Male,M.Tech,52.6,42,38,3.4,1,17.8,4,55.0,60,94.6,0.06,No,9,66.0,52.0,8,53.0,3,2,1.2,3,1,5,19,3,3,Non-tech→Tech,57.1,100.0,Placed,7,1
ST_0458,MSRIT,1,ISE,8.18,Female,B.E,66.2,52,28,7.6,6,18.9,3,53.0,35,58.5,0.47,No,16,67.8,53.1,2,85.8,4,3,11.8,17,2,1,8,0,14,No,88.5,100.0,Placed,7,3
ST_0459,SJCE,3,CSE,7.12,Female,B.Tech,71.1,56,24,5.0,6,1.0,3,53.0,41,51.1,0.39,Yes,14,83.8,42.1,1,80.2,4,3,17.4,11,0,4,16,1,7,No,81.2,100.0,Placed,6,3
ST_0460,NMIT,3,Civil,7.04,Female,B.E,41.9,33,47,5.8,4,6.4,7,33.0,51,83.6,0.33,No,18,29.2,52.9,1,26.4,4,3,0.5,0,3,5,0,2,2,No,73.7,100.0,Placed,5,4
ST_0461,RVCE,1,ME,6.5,Male,B.E,80.6,64,16,7.0,5,21.7,7,57.0,51,93.4,0.54,Yes,8,72.9,19.9,5,81.2,4,3,8.7,2,2,6,5,0,10,Same,87.0,100.0,Not Placed,0,0
ST_0462,PESCE,2,ECE,6.54,Female,B.Tech,64.1,51,29,4.2,4,8.5,7,45.0,73,70.9,0.37,Yes,3,94.1,86.6,6,68.7,1,0,3.6,3,4,4,6,0,1,No,50.0,100.0,Placed,7,2
ST_0463,SJCE,3,CSE,7.02,Male,B.E,31.4,25,55,5.7,4,16.4,5,34.0,62,43.2,0.26,Yes,14,83.3,96.8,5,69.1,7,4,3.0,5,5,5,8,0,11,Non-tech→Tech,72.4,100.0,Placed,4,4
ST_0464,RVCE,1,CSE,7.49,Female,B.E,72.2,57,23,5.3,6,6.2,7,56.0,40,66.6,0.19,No,18,50.5,59.3,10,59.2,4,3,7.0,16,1,0,9,3,4,Same,29.5,100.0,Not Placed,0,0
ST_0465,MSRIT,1,CSE-AI,7.93,Male,B.E,68.3,54,26,7.5,6,20.1,6,38.0,36,76.1,0.07,No,15,65.3,69.9,2,64.0,1,0,1.9,7,5,6,3,2,13,Tech→AI,76.1,100.0,Placed,4,2
ST_0466,MSRIT,1,ECE,6.56,Male,B.E,52.6,42,38,3.8,4,21.5,2,21.0,68,48.4,0.28,Yes,7,62.1,65.0,4,19.0,6,3,0.5,17,4,5,15,1,8,Non-tech→Tech,76.9,100.0,Placed,7,1
ST_0467,RVCE,1,CSE-AI,8.39,Female,B.E,57.6,46,34,6.9,5,20.1,2,30.0,75,80.2,0.03,No,16,89.1,38.4,7,51.6,5,1,1.4,15,2,0,11,0,13,Same,44.7,100.0,Placed,7,1
ST_0468,MSRIT,1,ME,6.98,Female,B.E,45.3,36,44,2.8,7,22.2,3,42.0,46,90.5,0.39,Yes,0,0.0,80.5,5,76.4,3,1,1.2,5,1,5,8,0,6,Tech→AI,71.5,100.0,Placed,6,1
ST_0469,NMIT,3,CSE,7.18,Male,M.Tech,58.9,47,33,5.6,7,25.9,2,54.0,52,82.6,0.12,No,6,84.6,83.2,1,84.5,8,6,0.5,18,2,0,2,1,9,No,74.4,100.0,Placed,5,3
ST_0470,NMIT,3,CSE,6.6,Female,B.E,43.5,34,46,5.7,5,6.8,1,32.0,78,28.6,0.38,No,17,63.0,43.3,14,71.1,6,5,2.3,7,0,4,8,3,1,Tech→AI,84.7,100.0,Not Placed,0,0
ST_0471,RVCE,1,Civil,5.26,Male,B.Tech,63.7,50,30,7.6,4,9.5,3,41.0,34,31.8,0.25,Yes,11,82.9,67.9,6,54.8,4,3,3.9,3,2,6,16,1,1,Same,70.6,100.0,Placed,4,1
ST_0472,SJCE,3,ME,7.91,Male,B.E,59.6,47,33,7.2,3,21.3,2,27.0,25,67.7,0.47,No,15,63.4,57.3,7,43.7,3,2,8.0,8,0,6,13,1,11,Non-tech→Tech,78.3,100.0,Placed,3,4
ST_0473,SJCE,3,CSE,7.79,Male,B.Tech,45.7,36,44,6.0,7,22.9,1,60.0,64,67.3,0.08,No,0,0.0,83.4,3,71.0,3,2,2.4,7,2,5,4,1,5,Tech→AI,48.4,100.0,Placed,3,4
ST_0474,RVCE,1,ME,6.97,Male,B.E,90.3,72,8,9.0,2,10.3,5,71.0,17,77.9,0.22,Yes,14,86.9,60.5,11,77.6,5,4,1.3,18,4,3,0,3,6,Same,67.9,100.0,Placed,6,4
ST_0475,SJCE,3,ECE,7.25,Male,M.Tech,58.9,47,33,4.3,5,9.8,2,69.0,5,62.6,0.31,No,6,74.9,61.0,0,59.7,3,2,1.6,0,0,5,0,1,8,Tech→AI,29.3,100.0,Placed,4,2
ST_0476,SJCE,3,ISE,7.61,Female,B.E,93.0,74,6,6.7,3,10.4,1,59.0,69,46.4,0.21,Yes,16,51.3,94.8,1,58.3,4,2,13.3,3,2,0,2,3,3,No,55.9,100.0,Placed,3,2
ST_0477,NMIT,3,CSE,5.95,Male,B.E,61.2,48,32,4.8,3,3.8,4,58.0,37,25.3,0.22,Yes,2,36.5,38.9,3,80.2,4,3,1.4,9,0,6,8,0,6,No,63.8,100.0,Not Placed,0,0
ST_0478,SJCE,3,Civil,6.78,Male,B.E,86.3,69,11,6.7,4,6.1,6,14.0,42,44.1,0.38,Yes,10,80.8,66.5,6,70.5,4,3,12.7,7,2,2,5,2,3,Tech→AI,84.7,100.0,Placed,2,3
ST_0479,BMSCE,2,ECE,7.84,Female,B.E,85.6,68,12,6.7,7,6.3,4,48.0,29,61.0,0.13,Yes,5,68.8,63.6,1,77.8,4,3,3.6,2,2,4,8,1,8,No,92.4,100.0,Placed,5,3
ST_0480,PESCE,2,ME,6.2,Male,B.E,89.3,71,9,7.5,2,12.9,1,38.0,30,91.0,0.2,No,5,63.9,51.1,5,81.5,0,0,16.3,11,0,3,3,1,12,Same,68.9,100.0,Not Placed,0,0
ST_0481,MSRIT,1,CSE-AI,7.43,Female,B.E,79.7,63,17,5.4,5,16.9,3,58.0,63,65.2,0.51,No,14,91.7,98.7,1,68.8,7,5,3.1,8,1,2,19,1,11,Non-tech→Tech,43.4,100.0,Not Placed,0,0
ST_0482,BMSCE,2,ECE,6.11,Female,B.Tech,64.9,51,29,6.7,2,18.0,7,10.0,37,36.1,0.29,No,6,93.9,68.1,11,75.8,2,0,1.2,2,3,7,18,0,11,Non-tech→Tech,86.5,100.0,Placed,4,1
ST_0483,SJCE,3,CSE,7.57,Female,B.E,83.2,66,14,5.7,3,11.4,7,48.0,45,78.5,0.1,Yes,10,93.1,74.1,6,71.9,4,1,4.8,3,1,2,4,0,4,Tech→AI,32.6,100.0,Placed,7,1
ST_0484,NMIT,3,ME,7.17,Male,B.E,88.0,70,10,6.5,4,11.6,7,42.0,34,76.1,0.67,Yes,16,71.3,76.7,1,52.5,1,0,5.3,5,2,4,4,3,2,Tech→AI,72.8,100.0,Placed,5,1
ST_0485,RVCE,1,ISE,5.91,Male,B.Tech,68.2,54,26,6.1,5,15.9,3,62.0,61,54.8,0.22,Yes,17,89.5,56.2,2,27.8,4,2,6.1,8,2,5,13,0,12,Non-tech→Tech,53.2,100.0,Placed,4,2
ST_0486,SJCE,3,ECE,8.13,Male,B.Tech,69.3,55,25,7.3,3,4.5,2,68.0,53,70.8,0.26,Yes,18,86.4,84.4,8,84.0,5,4,3.2,1,0,1,9,3,9,No,76.4,100.0,Placed,1,2
ST_0487,NMIT,3,CSE,6.61,Female,B.E,53.4,42,38,6.2,4,21.7,7,31.0,52,45.5,0.63,No,7,84.7,80.7,12,82.8,2,1,0.5,1,4,3,15,1,10,Tech→AI,72.9,100.0,Not Placed,0,0
ST_0488,PESCE,2,Civil,6.55,Male,B.E,88.0,70,10,7.9,2,24.0,4,32.0,76,81.0,0.03,No,19,68.0,59.8,14,75.5,4,3,5.9,17,1,5,5,1,13,Same,78.8,100.0,Not Placed,0,0
ST_0489,SJCE,3,CSE-AI,7.36,Female,B.E,31.3,25,55,2.5,4,10.6,3,48.0,53,96.2,0.25,Yes,7,77.0,78.9,3,36.1,4,3,16.2,2,1,4,19,3,8,Tech→AI,91.9,100.0,Placed,4,2
ST_0490,RVCE,1,ME,8.12,Male,B.Tech,68.6,54,26,6.3,7,12.2,3,71.0,51,64.7,0.6,No,10,69.0,84.3,13,83.3,3,2,19.0,2,0,1,13,2,6,Non-tech→Tech,56.5,100.0,Placed,1,3
ST_0491,NMIT,3,ECE,6.39,Female,B.Tech,53.8,43,37,3.6,7,23.7,7,46.0,60,39.8,0.02,No,2,55.3,76.3,4,49.5,4,3,5.5,17,1,7,17,1,3,No,72.9,100.0,Placed,7,4
ST_0492,NMIT,3,ECE,7.25,Male,B.E,76.0,60,20,6.1,4,14.1,4,26.0,69,54.9,0.08,Yes,13,75.1,47.0,8,63.3,2,1,0.5,5,2,4,8,0,2,Same,84.6,100.0,Placed,2,3
ST_0493,NMIT,3,ISE,7.54,Male,B.Tech,65.2,52,28,5.6,5,19.1,5,36.0,16,65.8,0.28,No,8,69.1,60.3,6,46.1,5,2,0.7,0,2,4,6,2,13,Same,73.4,100.0,Placed,6,4
ST_0494,PESCE,2,ISE,7.75,Male,B.Tech,56.6,45,35,3.6,7,14.4,3,48.0,73,43.8,0.3,Yes,0,0.0,70.6,7,47.8,4,3,10.8,14,2,2,17,2,4,Non-tech→Tech,48.3,100.0,Placed,1,4
ST_0495,SJCE,3,Civil,7.34,Female,B.E,66.6,53,27,5.1,1,25.9,7,49.0,10,53.9,0.15,Yes,0,0.0,66.5,14,75.3,4,3,10.6,10,2,6,9,2,4,Tech→AI,72.5,100.0,Placed,4,1
ST_0496,PESCE,2,CSE-AI,6.91,Female,B.Tech,66.0,52,28,7.8,6,18.4,6,34.0,69,81.2,0.41,Yes,11,71.1,48.6,10,40.2,1,0,17.5,9,1,5,1,2,1,Non-tech→Tech,70.2,100.0,Placed,6,3
ST_0497,MSRIT,1,Civil,6.54,Male,B.E,81.7,65,15,8.7,7,18.8,1,36.0,29,75.4,0.14,Yes,10,87.5,56.8,2,81.1,4,3,5.0,3,1,7,12,0,9,Tech→AI,77.4,100.0,Placed,3,4
ST_0498,MSRIT,1,CSE,7.27,Male,B.E,78.5,62,18,6.1,2,19.0,2,30.0,5,67.0,0.13,Yes,0,0.0,68.3,10,39.1,3,1,12.0,13,5,4,5,2,10,Same,69.0,100.0,Placed,4,3
ST_0499,SJCE,3,CSE,6.34,Female,B.E,89.8,71,9,5.6,3,11.1,3,62.0,36,73.0,0.34,Yes,19,79.2,34.8,10,65.0,3,1,10.5,1,4,5,8,0,8,No,82.1,100.0,Placed,1,3
ST_0500,PESCE,2,Civil,5.0,Female,B.E,61.3,49,31,4.4,7,11.8,6,32.0,7,94.9,0.22,Yes,11,82.8,62.3,3,70.1,5,4,5.3,12,1,1,19,0,7,Tech→AI,68.3,100.0,Placed,4,2
